,Median Price Psf,Name,No of Transactions,Street,Tenure,Type
0,442,OUG PARKLANE,435 Transactions,OLD KLANG ROAD,FREEHOLD,SERVICE RESIDENCE
1,604,THE SCOTT GARDEN,329 Transactions,OLD KLANG ROAD,FREEHOLD,SERVICE RESIDENCE
2,"1,060",VERVE SUITES,287 Transactions,MONT KIARA,FREEHOLD,SERVICE RESIDENCE
3,232,SRI PENARA,279 Transactions,CHERAS,LEASEHOLD,FLAT
4,846,REGALIA SERVICE APARTMENT,238 Transactions,KL CITY CENTRE,FREEHOLD,SERVICE RESIDENCE
5,394,VILLA WANGSAMAS CONDO,237 Transactions,WANGSA MAJU,FREEHOLD,CONDOMINIUM
6,868,SOLARIS DUTAMAS,227 Transactions,DUTAMAS,FREEHOLD,SERVICE RESIDENCE
7,527,THE Z RESIDENCE,214 Transactions,BUKIT JALIL,FREEHOLD,CONDOMINIUM
8,237,TAMAN MELATI,208 Transactions,SETAPAK,FREEHOLD,FLAT
9,323,WANGSA MAJU SEKSYEN 2,203 Transactions,WANGSA MAJU,LEASEHOLD,FLAT
10,198,BANDAR TASIK SELATAN FLAT,197 Transactions,BANDAR TASIK SELATAN,LEASEHOLD,FLAT
11,769,SENI MONT KIARA,191 Transactions,MONT KIARA,FREEHOLD,CONDOMINIUM
12,556,SERINGIN RESIDENCES,191 Transactions,OLD KLANG ROAD,FREEHOLD,CONDOMINIUM
13,464,ROYAL DOMAIN SRI PUTRAMAS 2,189 Transactions,JALAN KUCHING,FREEHOLD,CONDOMINIUM
14,"1,387",INVITO (ONE @ BUKIT CEYLON),180 Transactions,KL CITY CENTRE,FREEHOLD,SERVICE RESIDENCE
15,434,D' ALAMANDA,167 Transactions,CHERAS,LEASEHOLD,SERVICE RESIDENCE
16,445,SRI PUTRAMAS,165 Transactions,JALAN KUCHING,FREEHOLD,CONDOMINIUM
17,367,PLATINUM LAKE PV13,165 Transactions,SETAPAK,LEASEHOLD,CONDOMINIUM
18,183,MUTIARA MAGNA,163 Transactions,KEPONG,LEASEHOLD,FLAT
19,320,WANGSA MAJU SEKSYEN 1,161 Transactions,WANGSA MAJU,LEASEHOLD,FLAT
20,143,TAMAN SRI MURNI APARTMENT,160 Transactions,BATU CAVES,LEASEHOLD,APARTMENT
21,481,MIDFIELDS,160 Transactions,SUNGAI BESI,LEASEHOLD,CONDOMINIUM
22,569,TITIWANGSA SENTRAL CONDO,160 Transactions,TITIWANGSA,FREEHOLD,SERVICE RESIDENCE
23,671,TIFFANI KIARA,159 Transactions,MONT KIARA,FREEHOLD,CONDOMINIUM
24,319,BUKIT OUG,157 Transactions,BUKIT JALIL,FREEHOLD,CONDOMINIUM
25,567,GEMBIRA RESIDEN,155 Transactions,OLD KLANG ROAD,FREEHOLD,CONDOMINIUM
26,553,LE YUAN RESIDENCE,155 Transactions,OLD KLANG ROAD,FREEHOLD,CONDOMINIUM
27,633,THE LEAFZ @ DEDAUN SUNGAI BESI,154 Transactions,SUNGAI BESI,FREEHOLD,SERVICE RESIDENCE
28,195,SRI RAKYAT,150 Transactions,BUKIT JALIL,FREEHOLD,APARTMENT
29,319,VISTA MUTIARA,149 Transactions,KEPONG,LEASEHOLD,APARTMENT
30,419,VILLA ORKID,147 Transactions,SEGAMBUT,FREEHOLD,CONDOMINIUM
31,372,AMADESA,145 Transactions,DESA PETALING,LEASEHOLD,CONDOMINIUM
32,346,KINRARA MAS,141 Transactions,BUKIT JALIL,FREEHOLD,CONDOMINIUM
33,200,DANAU KOTA FLAT,140 Transactions,SETAPAK,LEASEHOLD,FLAT
34,175,GREENVIEW APARTMENT,139 Transactions,SEGAMBUT,LEASEHOLD,APARTMENT
35,496,CHANGKAT VIEW CONDOMINIUM,138 Transactions,DUTAMAS,FREEHOLD,CONDOMINIUM
36,366,CASA IDAMAN,138 Transactions,SENTUL,LEASEHOLD,CONDOMINIUM
37,166,TAMAN PUSAT KEPONG,134 Transactions,SEGAMBUT,LEASEHOLD,FLAT
38,215,TAMAN BUKIT ANGKASA,133 Transactions,BANGSAR SOUTH,LEASEHOLD,FLAT
39,413,ARENA GREEN,133 Transactions,BUKIT JALIL,FREEHOLD,APARTMENT
40,305,TASIK HEIGHTS,132 Transactions,BANDAR TASIK SELATAN,LEASEHOLD,APARTMENT
41,374,ABADI INDAH APARTMENT,132 Transactions,TAMAN DESA,LEASEHOLD,APARTMENT
42,380,KETUMBAR HEIGHTS,130 Transactions,CHERAS,FREEHOLD,APARTMENT
43,"1,259",ST.MARY RESIDENSI,130 Transactions,KL CITY CENTRE,FREEHOLD,SERVICE RESIDENCE
44,699,DESA GREEN,130 Transactions,SEPUTEH,FREEHOLD,SERVICE RESIDENCE
45,696,KIARAMAS AYURIA CONDO,128 Transactions,MONT KIARA,FREEHOLD,CONDOMINIUM
46,"1,033",BERJAYA TIMES SQUARE,127 Transactions,KL CITY CENTRE,FREEHOLD,SERVICE RESIDENCE
47,"1,455",MARC SERVICE RESIDENCE,126 Transactions,KL CITY CENTRE,FREEHOLD,SERVICE RESIDENCE
48,350,PRIMA SETAPAK,124 Transactions,SETAPAK,LEASEHOLD,"CONDOMINIUM, FLAT"
49,"1,600",VIPOD SUITES,123 Transactions,KL CITY CENTRE,FREEHOLD,SERVICE RESIDENCE
50,305,GENTING COURT,123 Transactions,SETAPAK,LEASEHOLD,CONDOMINIUM
51,373,PLATINUM LAKE PV12,122 Transactions,SETAPAK,LEASEHOLD,CONDOMINIUM
52,598,PERTAMA RESIDENCY,121 Transactions,CHERAS,LEASEHOLD,SERVICE RESIDENCE
53,427,PLATINUM HILL PV2,120 Transactions,SETAPAK,FREEHOLD,CONDOMINIUM
54,711,WINSOR TOWER,118 Transactions,SRI HARTAMAS,FREEHOLD,SERVICE RESIDENCE
55,486,KUCHAI AVENUE,117 Transactions,KUCHAI LAMA,FREEHOLD,SERVICE RESIDENCE
56,283,LAMAN DAMAI (LI GARDEN),116 Transactions,KEPONG,FREEHOLD,APARTMENT
57,403,SUASANA LUMAYAN,115 Transactions,CHERAS,FREEHOLD,CONDOMINIUM
58,403,PUTRA MAJESTIK,115 Transactions,JALAN IPOH,FREEHOLD,SERVICE RESIDENCE
59,855,SERI BUKIT CEYLON,115 Transactions,KL CITY CENTRE,FREEHOLD,SERVICE RESIDENCE
60,"1,352",SOHO SUITES,114 Transactions,KL CITY CENTRE,FREEHOLD,SERVICE RESIDENCE
61,521,KIARA RESIDENCE,113 Transactions,BUKIT JALIL,LEASEHOLD,CONDOMINIUM
62,274,PETALING INDAH,113 Transactions,SRI PETALING,LEASEHOLD,CONDOMINIUM
63,454,ANGKASA,112 Transactions,CHERAS,FREEHOLD,CONDOMINIUM
64,368,ENDAH RIA,112 Transactions,SRI PETALING,LEASEHOLD,CONDOMINIUM
65,603,THE SAFFRON,111 Transactions,SENTUL,FREEHOLD,CONDOMINIUM
66,273,BANDAR BARU WANGSA MAJU,110 Transactions,WANGSA MAJU,LEASEHOLD,FLAT
67,465,SETAPAK GREEN CONDOMINIUM,107 Transactions,SETAPAK,FREEHOLD,CONDOMINIUM
68,480,ENDAH PROMENADE,107 Transactions,SRI PETALING,LEASEHOLD,SERVICE RESIDENCE
69,"1,011",MERCU SUMMER SUITES,106 Transactions,KL CITY CENTRE,LEASEHOLD,SERVICE RESIDENCE
70,386,PLATINUM LAKE PV10,105 Transactions,SETAPAK,LEASEHOLD,CONDOMINIUM
71,399,PUNCAK BANYAN,104 Transactions,CHERAS,FREEHOLD,CONDOMINIUM
72,758,THE WESTSIDE ONE,104 Transactions,DESA PARKCITY,FREEHOLD,CONDOMINIUM
73,451,DYNASTY GARDEN CONDOMINIUM,104 Transactions,KUCHAI LAMA,LEASEHOLD,CONDOMINIUM
74,748,28 MONT KIARA,104 Transactions,MONT KIARA,FREEHOLD,CONDOMINIUM
75,332,"TERATAI MEWAH BLOCK 15,17,19,21",104 Transactions,SETAPAK,FREEHOLD,APARTMENT
76,239,TAMAN SRI KUCHING,103 Transactions,JALAN KUCHING,FREEHOLD,FLAT
77,417,JALIL DAMAI,102 Transactions,BUKIT JALIL,FREEHOLD,APARTMENT
78,929,MAY TOWER SERVICE APARTMENT,102 Transactions,KL CITY CENTRE,FREEHOLD,SERVICE RESIDENCE
79,"1,049",SWISS GARDEN HOTEL,102 Transactions,KL CITY CENTRE,FREEHOLD,SERVICE RESIDENCE
80,688,KIARA VILLE,101 Transactions,MONT KIARA,FREEHOLD,CONDOMINIUM
81,440,PANTAI HILLPARK 2,101 Transactions,PANTAI,LEASEHOLD,CONDOMINIUM
82,254,PANGSAPURI BANDAR BARU SENTUL,101 Transactions,SENTUL,LEASEHOLD,APARTMENT
83,321,BUKIT PANDAN,99 Transactions,CHERAS,FREEHOLD,CONDOMINIUM
84,184,CHERAS RIA,99 Transactions,CHERAS,FREEHOLD,FLAT
85,197,AMAN PUTRA APARTMENT,98 Transactions,JINJANG,LEASEHOLD,APARTMENT
86,506,RIANA GREEN EAST KL,98 Transactions,WANGSA MAJU,LEASEHOLD,CONDOMINIUM
87,600,SRI PUTRAMAS III (ROYAL REGENT),97 Transactions,JALAN KUCHING,FREEHOLD,CONDOMINIUM
88,177,SENTUL MURNI,97 Transactions,SENTUL,LEASEHOLD,FLAT
89,408,PLATINUM LAKE PV16,97 Transactions,SETAPAK,LEASEHOLD,CONDOMINIUM
90,167,TERATAK MUHIBBAH,97 Transactions,TAMAN DESA,LEASEHOLD,FLAT
91,720,I-ZEN KIARA I,96 Transactions,MONT KIARA,FREEHOLD,SERVICE RESIDENCE
92,536,TIARA MUTIARA,96 Transactions,OLD KLANG ROAD,FREEHOLD,SERVICE RESIDENCE
93,996,HAMPSHIRE RESIDENCES,95 Transactions,KL CITY CENTRE,FREEHOLD,CONDOMINIUM
94,387,SENTUL UTAMA,94 Transactions,SENTUL,LEASEHOLD,CONDOMINIUM
95,969,SUASANA SENTRAL LOFT CONDO,93 Transactions,KL SENTRAL,FREEHOLD,CONDOMINIUM
96,246,TAMAN SRI ENDAH,93 Transactions,SRI PETALING,LEASEHOLD,APARTMENT
97,814,11 MONT KIARA,92 Transactions,MONT KIARA,FREEHOLD,CONDOMINIUM
98,440,CENGAL,91 Transactions,CHERAS,LEASEHOLD,CONDOMINIUM
99,408,FORTUNE AVENUE,91 Transactions,KEPONG,LEASEHOLD,SERVICE RESIDENCE
100,639,KIARA DESIGNER,91 Transactions,MONT KIARA,FREEHOLD,SERVICE RESIDENCE
101,628,MONT KIARA AMAN,91 Transactions,MONT KIARA,FREEHOLD,CONDOMINIUM
102,428,MENARA MENJALARA,90 Transactions,BANDAR MENJALARA,FREEHOLD,CONDOMINIUM
103,325,SERI MAS,90 Transactions,CHERAS,LEASEHOLD,CONDOMINIUM
104,189,TAMAN BUKIT CHERAS,90 Transactions,CHERAS,FREEHOLD,FLAT
105,489,ANJUNG HIJAU (GREENFIELD),89 Transactions,BUKIT JALIL,FREEHOLD,CONDOMINIUM
106,"1,061",PARKVIEW SERVICE APARTMENT,89 Transactions,KL CITY CENTRE,FREEHOLD,SERVICE RESIDENCE
107,343,IDAMAN SUTERA,89 Transactions,SETAPAK,FREEHOLD,CONDOMINIUM
108,346,ENDAH REGAL,89 Transactions,SRI PETALING,LEASEHOLD,CONDOMINIUM
109,302,VISTA MAGNA,88 Transactions,KEPONG,LEASEHOLD,APARTMENT
110,286,SRI SUAJAYA KONDO,88 Transactions,SENTUL,FREEHOLD,CONDOMINIUM
111,263,TAMAN MIHARJA FASA 1,87 Transactions,CHERAS,LEASEHOLD,FLAT
112,423,RIVERCITY CONDOMINIUM,87 Transactions,JALAN IPOH,FREEHOLD,CONDOMINIUM
113,147,TAMAN INTAN BAIDURI,86 Transactions,BATU CAVES,LEASEHOLD,FLAT
114,424,CEMARA,86 Transactions,CHERAS,LEASEHOLD,APARTMENT
115,531,LA GRANDE KIARA,86 Transactions,MONT KIARA,FREEHOLD,CONDOMINIUM
116,354,ENDAH VILLA,86 Transactions,SRI PETALING,LEASEHOLD,CONDOMINIUM
117,178,TAMAN SUNGAI BESI,85 Transactions,SALAK SOUTH,LEASEHOLD,FLAT
118,512,SAVANNA,84 Transactions,BUKIT JALIL,FREEHOLD,CONDOMINIUM
119,772,THE NORTHSHORE GARDENS,84 Transactions,DESA PARKCITY,FREEHOLD,CONDOMINIUM
120,186,PERMATA FADASON,84 Transactions,JINJANG,LEASEHOLD,FLAT
121,594,MONT KIARA PINES,84 Transactions,MONT KIARA,FREEHOLD,CONDOMINIUM
122,488,RESIDENCE 8,84 Transactions,OLD KLANG ROAD,FREEHOLD,CONDOMINIUM
123,425,AVELON TOWER @ PLAZA MEDAN PUTRA,83 Transactions,BANDAR MENJALARA,FREEHOLD,SERVICE RESIDENCE
124,434,PANORAMA RESIDENCES,83 Transactions,BATU CAVES,FREEHOLD,CONDOMINIUM
125,368,THE LUMAYAN,83 Transactions,CHERAS,LEASEHOLD,APARTMENT
126,978,SETIA SKY RESIDENCE,83 Transactions,KL CITY CENTRE,FREEHOLD,SERVICE RESIDENCE
127,314,DE TROPICANA,82 Transactions,KUCHAI LAMA,LEASEHOLD,CONDOMINIUM
128,427,PLATINUM LAKE PV20,82 Transactions,SETAPAK,LEASEHOLD,CONDOMINIUM
129,568,MUTIARA UPPER EAST,81 Transactions,AMPANG,LEASEHOLD,CONDOMINIUM
130,139,DESA SRI PUTERI,81 Transactions,DESA PETALING,LEASEHOLD,FLAT
131,624,MONT KIARA DAMAI,81 Transactions,MONT KIARA,FREEHOLD,CONDOMINIUM
132,453,KENANGA POINT,80 Transactions,KL CITY CENTRE,FREEHOLD,CONDOMINIUM
133,473,RAMPAI COURT,80 Transactions,WANGSA MAJU,FREEHOLD,APARTMENT
134,733,AMAYA MALURI,79 Transactions,CHERAS,LEASEHOLD,SERVICE RESIDENCE
135,890,TWINS@ DAMANSARA HEIGHTS,79 Transactions,DAMANSARA HEIGHTS,FREEHOLD,SERVICE RESIDENCE
136,160,AC4,79 Transactions,OLD KLANG ROAD,LEASEHOLD,APARTMENT
137,515,SAVILLE @ MELAWATI,79 Transactions,SETAPAK,FREEHOLD,SERVICE RESIDENCE
138,711,PALAZZIO SUNWAY,78 Transactions,DAMANSARA HEIGHTS,FREEHOLD,CONDOMINIUM
139,409,PLATINUM HILL PV8,78 Transactions,SETAPAK,FREEHOLD,CONDOMINIUM
140,450,BEVERLY TOWER @ PLAZA MEDAN PUTRA,77 Transactions,BANDAR MENJALARA,FREEHOLD,SERVICE RESIDENCE
141,588,COVILLEA,77 Transactions,BUKIT JALIL,FREEHOLD,CONDOMINIUM
142,469,KETUMBAR HILL,77 Transactions,CHERAS,FREEHOLD,CONDOMINIUM
143,152,DESA PETALING,77 Transactions,DESA PETALING,LEASEHOLD,FLAT
144,500,HARTAMAS REGENCY 2,77 Transactions,DUTAMAS,FREEHOLD,CONDOMINIUM
145,811,DUA RESIDENCY,77 Transactions,KL CITY CENTRE,FREEHOLD,CONDOMINIUM
146,816,KIARAMAS DANAI,77 Transactions,MONT KIARA,FREEHOLD,CONDOMINIUM
147,716,AMBASSY BUSSINESS PARK,76 Transactions,AMPANG,FREEHOLD,SERVICE RESIDENCE
148,365,VISTA KOMANWEL A,76 Transactions,BUKIT JALIL,FREEHOLD,CONDOMINIUM
149,273,PELANGI INDAH,76 Transactions,JALAN KUCHING,FREEHOLD,CONDOMINIUM
150,484,RESIDENSI 222,76 Transactions,SETAPAK,FREEHOLD,SERVICE RESIDENCE
151,300,TAMAN MIHARJA FASA 2,75 Transactions,CHERAS,LEASEHOLD,FLAT
152,706,THE CAPERS,75 Transactions,SENTUL,FREEHOLD,CONDOMINIUM
153,391,PLATINUM LAKE PV15,75 Transactions,SETAPAK,LEASEHOLD,CONDOMINIUM
154,438,WANGSA METROVIEW,75 Transactions,WANGSA MAJU,FREEHOLD,CONDOMINIUM
155,410,VISTA KOMANWEL C,74 Transactions,BUKIT JALIL,FREEHOLD,CONDOMINIUM
156,"1,622",PAVILION RESIDENCES,74 Transactions,KL CITY CENTRE,LEASEHOLD,SERVICE RESIDENCE
157,362,KUCHAI BREM PARK,74 Transactions,KUCHAI LAMA,LEASEHOLD,CONDOMINIUM
158,619,GATEWAY KIARAMAS,74 Transactions,MONT KIARA,FREEHOLD,SERVICE RESIDENCE
159,308,SURIAN WANGI,74 Transactions,OLD KLANG ROAD,FREEHOLD,CONDOMINIUM
160,195,DESA TUN RAZAK,73 Transactions,BANDAR TASIK SELATAN,LEASEHOLD,FLAT
161,370,MIHARJA CONDOMINIUM,73 Transactions,CHERAS,LEASEHOLD,CONDOMINIUM
162,226,PANGSARIA,73 Transactions,DESA PETALING,LEASEHOLD,APARTMENT
163,588,I-ZEN KIARA II,73 Transactions,MONT KIARA,FREEHOLD,SERVICE RESIDENCE
164,664,KM1 WEST,72 Transactions,BUKIT JALIL,FREEHOLD,CONDOMINIUM
165,421,VISTA KOMANWEL B,72 Transactions,BUKIT JALIL,"FREEHOLD, LEASEHOLD",", CONDOMINIUM"
166,288,CENDANA,72 Transactions,CHERAS,LEASEHOLD,APARTMENT
167,329,PANGSAPURI MAWAR,72 Transactions,SENTUL,LEASEHOLD,APARTMENT
168,313,WANGSA MAJU SEKSYEN 4,72 Transactions,WANGSA MAJU,LEASEHOLD,FLAT
169,552,KIARA RESIDENCE 2,71 Transactions,BUKIT JALIL,LEASEHOLD,CONDOMINIUM
170,105,TAMAN DESA CHERAS,71 Transactions,CHERAS,FREEHOLD,FLAT
171,457,288 RESIDENCY,71 Transactions,SETAPAK,FREEHOLD,CONDOMINIUM
172,335,MENARA ALPHA,71 Transactions,WANGSA MAJU,LEASEHOLD,CONDOMINIUM
173,395,PRISMA CHERAS,70 Transactions,CHERAS,FREEHOLD,CONDOMINIUM
174,361,VISTA AMANI,70 Transactions,CHERAS,"FREEHOLD, LEASEHOLD",", CONDOMINIUM"
175,283,DESA SRI PUTERI B,70 Transactions,DESA PETALING,LEASEHOLD,APARTMENT
176,483,ANGKASA IMPIAN,69 Transactions,KL CITY CENTRE,LEASEHOLD,CONDOMINIUM
177,718,CENTRIO PANTAI HILL PARK,69 Transactions,PANTAI,LEASEHOLD,SERVICE RESIDENCE
178,569,PANTAI PANORAMA,69 Transactions,PANTAI,FREEHOLD,CONDOMINIUM
179,434,1 SENTUL,69 Transactions,SENTUL,FREEHOLD,CONDOMINIUM
180,419,VILLA ANGSANA,69 Transactions,SENTUL,FREEHOLD,CONDOMINIUM
181,232,PANGSAPURI BANDARAYA GOMBAK,69 Transactions,SETAPAK,LEASEHOLD,FLAT
182,209,DESA TASEK FASA 1A,68 Transactions,BANDAR TASIK SELATAN,LEASEHOLD,FLAT
183,392,GURNEY HEIGHT,68 Transactions,KERAMAT,FREEHOLD,CONDOMINIUM
184,780,SUASANA SENTRAL,68 Transactions,KL SENTRAL,FREEHOLD,CONDOMINIUM
185,628,MONT KIARA BAYU,68 Transactions,MONT KIARA,FREEHOLD,CONDOMINIUM
186,360,SRI JATI II,68 Transactions,OLD KLANG ROAD,FREEHOLD,CONDOMINIUM
187,449,DANAU IDAMAN,68 Transactions,TAMAN DESA,LEASEHOLD,CONDOMINIUM
188,262,WANGSA MAJU SEKSYEN 10,68 Transactions,WANGSA MAJU,LEASEHOLD,FLAT
189,662,THE TREEZ JALIL RESIDENCE,67 Transactions,BUKIT JALIL,FREEHOLD,CONDOMINIUM
190,431,ASTANA LUMAYAN,67 Transactions,CHERAS,LEASEHOLD,CONDOMINIUM
191,410,BAYU TASIK 1,67 Transactions,CHERAS,LEASEHOLD,CONDOMINIUM
192,720,G RESIDENCE,67 Transactions,DESA PANDAN,LEASEHOLD,SERVICE RESIDENCE
193,"1,228",THE PEARL,67 Transactions,KL CITY CENTRE,FREEHOLD,CONDOMINIUM
194,290,MENARA WARISAN (THE HERITAGE),67 Transactions,SENTUL,FREEHOLD,CONDOMINIUM
195,583,SEMANTAN AVENUE,66 Transactions,DAMANSARA HEIGHTS,LEASEHOLD,SERVICE RESIDENCE
196,189,TAMAN JINJANG BARU,66 Transactions,JINJANG,LEASEHOLD,FLAT
197,563,MONT KIARA MERIDIN,66 Transactions,MONT KIARA,FREEHOLD,CONDOMINIUM
198,860,GAYA BANGSAR,65 Transactions,BANGSAR,LEASEHOLD,SERVICE RESIDENCE
199,422,BAYU TASIK 2,65 Transactions,CHERAS,LEASEHOLD,CONDOMINIUM
200,441,PUTRA SURIA RESIDENSI,65 Transactions,CHERAS,LEASEHOLD,APARTMENT
201,204,DESA PANTAI FLAT,65 Transactions,PANTAI,LEASEHOLD,FLAT
202,231,PERUMAHAN RAKYAT PANTAI PERMAI,65 Transactions,PANTAI,LEASEHOLD,FLAT
203,298,MENARA ORKID,65 Transactions,SENTUL,LEASEHOLD,APARTMENT
204,405,SRI PELANGI,65 Transactions,SETAPAK,FREEHOLD,CONDOMINIUM
205,348,LESTARI,64 Transactions,CHERAS,LEASEHOLD,APARTMENT
206,385,PRISMA PERDANA,63 Transactions,CHERAS,FREEHOLD,APARTMENT
207,315,GREEN PARK,63 Transactions,OLD KLANG ROAD,FREEHOLD,CONDOMINIUM
208,440,WARISAN CITY VIEW,62 Transactions,CHERAS,LEASEHOLD,CONDOMINIUM
209,678,MENARA BINTANG GOLDHILL,62 Transactions,KL CITY CENTRE,FREEHOLD,CONDOMINIUM
210,"1,211",THE PANORAMA,62 Transactions,KL CITY CENTRE,FREEHOLD,SERVICE RESIDENCE
211,493,CERIAAN KIARA,62 Transactions,MONT KIARA,FREEHOLD,CONDOMINIUM
212,378,VISTA ANGKASA APARTMENT,62 Transactions,PANTAI,LEASEHOLD,APARTMENT
213,550,THE TAMARIND,62 Transactions,SENTUL,FREEHOLD,CONDOMINIUM
214,326,SETAPAK RIA,62 Transactions,SETAPAK,FREEHOLD,CONDOMINIUM
215,923,CAMELLIA SERVICED SUITES,61 Transactions,BANGSAR SOUTH,LEASEHOLD,SERVICE RESIDENCE
216,221,SRI JINJANG,61 Transactions,JINJANG,LEASEHOLD,APARTMENT
217,337,MENARA CITY ONE,61 Transactions,KL CITY CENTRE,FREEHOLD,CONDOMINIUM
218,361,PRIMA PELANGI,61 Transactions,SEGAMBUT,FREEHOLD,APARTMENT
219,516,SANG SURIA,61 Transactions,SENTUL,FREEHOLD,CONDOMINIUM
220,268,SEGAR APARTMENT,60 Transactions,CHERAS,FREEHOLD,APARTMENT
221,285,BUKIT WINNER (WINNER HEIGHTS),60 Transactions,DESA PETALING,LEASEHOLD,CONDOMINIUM
222,963,MY HABITAT,60 Transactions,KL CITY CENTRE,FREEHOLD,SERVICE RESIDENCE
223,631,THE CAPSQUARE RESIDENCES,60 Transactions,KL CITY CENTRE,FREEHOLD,CONDOMINIUM
224,850,GLOMAC DAMANSARA,60 Transactions,TAMAN TUN DR ISMAIL,FREEHOLD,SERVICE RESIDENCE
225,309,PANDAN HEIGHT,59 Transactions,CHERAS,FREEHOLD,CONDOMINIUM
226,393,VILLA PUTRA,59 Transactions,KL CITY CENTRE,FREEHOLD,CONDOMINIUM
227,372,MEADOW PARK 2,59 Transactions,OLD KLANG ROAD,FREEHOLD,CONDOMINIUM
228,543,PUNCAK PRIMA,59 Transactions,SRI HARTAMAS,FREEHOLD,CONDOMINIUM
229,532,CASA DESA,59 Transactions,TAMAN DESA,FREEHOLD,CONDOMINIUM
230,478,SURIA JELATEK RESIDENCE,58 Transactions,AMPANG,LEASEHOLD,CONDOMINIUM
231,"1,365",THE TROIKA,58 Transactions,KL CITY CENTRE,FREEHOLD,SERVICE RESIDENCE
232,485,PALACE COURT (SRI ISTANA),58 Transactions,KUCHAI LAMA,LEASEHOLD,CONDOMINIUM
233,912,SRI PENAGA,57 Transactions,BANGSAR,FREEHOLD,CONDOMINIUM
234,"1,162",BINJAI 8,57 Transactions,KL CITY CENTRE,FREEHOLD,SERVICE RESIDENCE
235,382,1 PETALING,57 Transactions,SRI PETALING,LEASEHOLD,APARTMENT
236,402,DANAU MURNI,57 Transactions,TAMAN DESA,LEASEHOLD,CONDOMINIUM
237,200,PUTRA RIA,56 Transactions,BANGSAR,LEASEHOLD,FLAT
238,771,THE WESTSIDE TWO,56 Transactions,DESA PARKCITY,FREEHOLD,CONDOMINIUM
239,"1,059",157 HAMPSHIRE PLACE,56 Transactions,KL CITY CENTRE,FREEHOLD,SERVICE RESIDENCE
240,316,BUSTAN SHAMELIN,55 Transactions,CHERAS,LEASEHOLD,APARTMENT
241,803,DESA DAMANSARA,55 Transactions,DAMANSARA HEIGHTS,FREEHOLD,CONDOMINIUM
242,532,RESIDENSI UNGGUL/ FIRST RESIDENCE,55 Transactions,KEPONG,LEASEHOLD,CONDOMINIUM
243,802,DORCHESTER,55 Transactions,SRI HARTAMAS,FREEHOLD,SERVICE RESIDENCE
244,333,IRIS APARTMENT,55 Transactions,TAMAN DESA,LEASEHOLD,APARTMENT
245,410,DESA KIARA,55 Transactions,TAMAN TUN DR ISMAIL,FREEHOLD,CONDOMINIUM
246,345,SRI INTAN 1,54 Transactions,JALAN KUCHING,FREEHOLD,APARTMENT
247,238,FORTUNE COURT,54 Transactions,KEPONG,LEASEHOLD,FLAT
248,632,MONT KIARA ASTANA,54 Transactions,MONT KIARA,FREEHOLD,CONDOMINIUM
249,294,HAPPY GARDEN FLAT,54 Transactions,OLD KLANG ROAD,FREEHOLD,FLAT
250,199,UNITED GARDEN (TAMAN LEE YAN LIAN),54 Transactions,OLD KLANG ROAD,FREEHOLD,FLAT
251,375,PLATINUM HILL PV6,54 Transactions,SETAPAK,FREEHOLD,CONDOMINIUM
252,505,SERI PUTERI,53 Transactions,CHERAS,LEASEHOLD,CONDOMINIUM
253,283,SRI LATA,53 Transactions,DESA PETALING,LEASEHOLD,CONDOMINIUM
254,169,MUTIARA FADASON,53 Transactions,JINJANG,LEASEHOLD,FLAT
255,819,IDAMAN RESIDENCE,53 Transactions,KL CITY CENTRE,FREEHOLD,CONDOMINIUM
256,675,MONT KIARA PALMA,53 Transactions,MONT KIARA,FREEHOLD,CONDOMINIUM
257,485,288 RESIDENCES,53 Transactions,OLD KLANG ROAD,FREEHOLD,CONDOMINIUM
258,682,VILLA PANTAI,53 Transactions,PANTAI,FREEHOLD,CONDOMINIUM
259,262,DESA VIEW TOWER,53 Transactions,SETAPAK,FREEHOLD,APARTMENT
260,725,THE PARK RESIDENCE,52 Transactions,BANGSAR SOUTH,LEASEHOLD,CONDOMINIUM
261,400,MANDA'RINA COURT,52 Transactions,CHERAS,LEASEHOLD,APARTMENT
262,193,SEGAR RIA,52 Transactions,CHERAS,FREEHOLD,FLAT
263,341,WINNER COURT B,52 Transactions,DESA PETALING,LEASEHOLD,APARTMENT
264,519,HARTAMAS REGENCY,52 Transactions,DUTAMAS,FREEHOLD,CONDOMINIUM
265,321,PLAZA METRO PRIMA,52 Transactions,KEPONG,LEASEHOLD,APARTMENT
266,866,10 MONT KIARA,52 Transactions,MONT KIARA,FREEHOLD,CONDOMINIUM
267,261,PINANG 1C,52 Transactions,OLD KLANG ROAD,LEASEHOLD,APARTMENT
268,430,PUTRA VILLA KONDOMINIUM,52 Transactions,SETAPAK,FREEHOLD,CONDOMINIUM
269,560,DANAU PERMAI,52 Transactions,TAMAN DESA,LEASEHOLD,CONDOMINIUM
270,558,ALTITUDE 236,51 Transactions,CHERAS,LEASEHOLD,CONDOMINIUM
271,317,BAIDURI BLOCK G,51 Transactions,DESA PANDAN,LEASEHOLD,APARTMENT
272,556,KIARA 1888,51 Transactions,MONT KIARA,FREEHOLD,CONDOMINIUM
273,544,KIARAMAS SUTERA,51 Transactions,MONT KIARA,FREEHOLD,CONDOMINIUM
274,626,MONT KIARA SOPHIA,51 Transactions,MONT KIARA,FREEHOLD,CONDOMINIUM
275,186,TAMAN DESA TASEK,50 Transactions,BANDAR TASIK SELATAN,LEASEHOLD,FLAT
276,515,PALM COURT CONDOMINIUM,50 Transactions,BRICKFIELDS,FREEHOLD,CONDOMINIUM
277,433,PRIMA MIDAH HEIGHTS,50 Transactions,CHERAS,FREEHOLD,CONDOMINIUM
278,731,NADIA PARKFRONT,50 Transactions,DESA PARKCITY,FREEHOLD,CONDOMINIUM
279,359,MENARA DUTA 1,50 Transactions,DUTAMAS,FREEHOLD,CONDOMINIUM
280,324,MENARA MEGAH,50 Transactions,JALAN IPOH,FREEHOLD,CONDOMINIUM
281,523,BISTARI BEGONIA / BISTARI LAVENDAR,50 Transactions,KL CITY CENTRE,FREEHOLD,CONDOMINIUM
282,660,HIJAUAN KIARA,50 Transactions,MONT KIARA,FREEHOLD,CONDOMINIUM
283,386,PEARL POINT,50 Transactions,OLD KLANG ROAD,FREEHOLD,CONDOMINIUM
284,421,PANTAI HILLPARK 1,50 Transactions,PANTAI,LEASEHOLD,CONDOMINIUM
285,368,PRIMA TIARA,50 Transactions,SEGAMBUT,FREEHOLD,APARTMENT
286,793,TWIN ARKZ,49 Transactions,BUKIT JALIL,FREEHOLD,SERVICE RESIDENCE
287,393,AWANAPURI,49 Transactions,CHERAS,FREEHOLD,CONDOMINIUM
288,318,SRI INTAN 2,49 Transactions,JALAN KUCHING,FREEHOLD,APARTMENT
289,241,HIJAU RIA APARTMENT,49 Transactions,KEPONG,LEASEHOLD,APARTMENT
290,403,O.G HEIGHTS,49 Transactions,OLD KLANG ROAD,FREEHOLD,CONDOMINIUM
291,378,PLATINUM HILL PV5,49 Transactions,SETAPAK,FREEHOLD,CONDOMINIUM
292,638,KIARA PARK CONDO,49 Transactions,TAMAN TUN DR ISMAIL,FREEHOLD,CONDOMINIUM
293,690,SINARAN TTDI,49 Transactions,TAMAN TUN DR ISMAIL,FREEHOLD,SERVICE RESIDENCE
294,656,VISTA DAMAI,48 Transactions,KERAMAT,FREEHOLD,CONDOMINIUM
295,360,SRI JATI I,48 Transactions,OLD KLANG ROAD,FREEHOLD,APARTMENT
296,221,SERI MALAYSIA,47 Transactions,BANDAR TASIK SELATAN,LEASEHOLD,FLAT
297,662,LUMINA KIARA,47 Transactions,MONT KIARA,FREEHOLD,CONDOMINIUM
298,133,SALAK SOUTH GARDEN,47 Transactions,SALAK SOUTH,FREEHOLD,FLAT
299,351,PANGSAPURI MELUR,47 Transactions,SENTUL,LEASEHOLD,APARTMENT
300,286,TAMAN SETAPAK INDAH,47 Transactions,SETAPAK,LEASEHOLD,FLAT
301,435,CONNAUGHT AVENUE,46 Transactions,CHERAS,LEASEHOLD,SERVICE RESIDENCE
302,390,PRIMA DUTA,46 Transactions,DUTAMAS,FREEHOLD,CONDOMINIUM
303,571,CASA KIARA,46 Transactions,MONT KIARA,FREEHOLD,CONDOMINIUM
304,171,TAMAN SRI SENTOSA,46 Transactions,PUCHONG,LEASEHOLD,FLAT
305,738,TIVOLI VILLAS,45 Transactions,BANGSAR,FREEHOLD,CONDOMINIUM
306,161,TAMAN BATU PERMAI,45 Transactions,BATU CAVES,LEASEHOLD,FLAT
307,347,BAM VILLAS,45 Transactions,CHERAS,LEASEHOLD,CONDOMINIUM
308,384,CASA RIA,45 Transactions,CHERAS,FREEHOLD,CONDOMINIUM
309,508,SUTRAMAS,45 Transactions,DUTAMAS,FREEHOLD,CONDOMINIUM
310,296,SRI MUTIARA,45 Transactions,KL CITY CENTRE,FREEHOLD,APARTMENT
311,479,VISTA KIARA,45 Transactions,MONT KIARA,FREEHOLD,CONDOMINIUM
312,518,SAVILLE RESIDENCE,45 Transactions,SEPUTEH,FREEHOLD,SERVICE RESIDENCE
313,392,TERATAI MEWAH CONDOMINIUM,45 Transactions,SETAPAK,FREEHOLD,CONDOMINIUM
314,148,DESA PAKAR FLAT,45 Transactions,SUNGAI BESI,LEASEHOLD,FLAT
315,510,FABER RIA,45 Transactions,TAMAN DESA,FREEHOLD,CONDOMINIUM
316,521,THE ORION,45 Transactions,TITIWANGSA,FREEHOLD,CONDOMINIUM
317,297,VILLA LAGENDA,44 Transactions,BATU CAVES,LEASEHOLD,CONDOMINIUM
318,415,CHERAS HEIGHTS (BUKIT CHERAS),44 Transactions,CHERAS,FREEHOLD,CONDOMINIUM
319,885,CLEAR WATER RESIDENCE,44 Transactions,DAMANSARA HEIGHTS,FREEHOLD,SERVICE RESIDENCE
320,357,WIDURI IMPIAN,44 Transactions,DESA PETALING,LEASEHOLD,"APARTMENT, FLAT"
321,334,CASA MAGNA,44 Transactions,KEPONG,LEASEHOLD,CONDOMINIUM
322,"1,086",K RESIDENCE (AVENUE K),44 Transactions,KL CITY CENTRE,FREEHOLD,SERVICE RESIDENCE
323,"1,177",QUADRO RESIDENCE,44 Transactions,KL CITY CENTRE,FREEHOLD,SERVICE RESIDENCE
324,498,VILLA PUTERI CONDO,44 Transactions,KL CITY CENTRE,FREEHOLD,CONDOMINIUM
325,466,ASTON KIARA 3,44 Transactions,MONT KIARA,FREEHOLD,CONDOMINIUM
326,179,TAMAN SRI SENTOSA,44 Transactions,OLD KLANG ROAD,LEASEHOLD,FLAT
327,425,PANTAI HILLPARK 5,44 Transactions,PANTAI,LEASEHOLD,CONDOMINIUM
328,376,DESARINA CONDOMINIUM,44 Transactions,TAMAN DESA,FREEHOLD,CONDOMINIUM
329,526,DESA PUTRA,44 Transactions,WANGSA MAJU,LEASEHOLD,CONDOMINIUM
330,301,DELIMA J,43 Transactions,DESA PANDAN,LEASEHOLD,APARTMENT
331,472,RESIDENSI DESA,43 Transactions,OLD KLANG ROAD,FREEHOLD,CONDOMINIUM
332,190,BUKIT MAS APARTMENT,43 Transactions,SETAPAK,FREEHOLD,APARTMENT
333,374,PLATINUM HILL PV3,43 Transactions,SETAPAK,FREEHOLD,CONDOMINIUM
334,427,ABADI VILLA,43 Transactions,TAMAN DESA,LEASEHOLD,CONDOMINIUM
335,621,FABER HEIGHTS,43 Transactions,TAMAN DESA,FREEHOLD,CONDOMINIUM
336,376,MEDAN PUTRA,42 Transactions,BANDAR MENJALARA,LEASEHOLD,CONDOMINIUM
337,"1,236",ONE MENERUNG,42 Transactions,BANGSAR,FREEHOLD,CONDOMINIUM
338,349,VANTAGE POINT (TAMAN DESA PETALING),42 Transactions,DESA PETALING,FREEHOLD,APARTMENT
339,224,PANGSA MURNI TITIWANGSA,42 Transactions,KERAMAT,LEASEHOLD,APARTMENT
340,804,38 BIDARA,42 Transactions,KL CITY CENTRE,FREEHOLD,SERVICE RESIDENCE
341,124,WEST COURT (TAMAN SRI SENTOSA),42 Transactions,OLD KLANG ROAD,LEASEHOLD,FLAT
342,478,SUTERA MAYA,42 Transactions,PUCHONG,FREEHOLD,CONDOMINIUM
343,340,MANDY VILLA,42 Transactions,SEGAMBUT,LEASEHOLD,APARTMENT
344,581,SERI RIANA,42 Transactions,WANGSA MAJU,LEASEHOLD,CONDOMINIUM
345,587,VIVA RESIDENCY,41 Transactions,JALAN IPOH,FREEHOLD,CONDOMINIUM
346,406,SRI DESA,41 Transactions,KUCHAI LAMA,FREEHOLD,CONDOMINIUM
347,747,SUASANA BANGSAR,40 Transactions,BANGSAR,FREEHOLD,CONDOMINIUM
348,686,ZEHN BUKIT PANTAI,40 Transactions,BANGSAR,LEASEHOLD,CONDOMINIUM
349,456,PERTIWI INDAH,40 Transactions,CHERAS,LEASEHOLD,APARTMENT
350,335,WINNER COURT A,40 Transactions,DESA PETALING,LEASEHOLD,APARTMENT
351,642,CASA KIARA II,40 Transactions,MONT KIARA,FREEHOLD,CONDOMINIUM
352,335,AVENUE APARTMENT,40 Transactions,OLD KLANG ROAD,LEASEHOLD,APARTMENT
353,394,DESA CINDAIMAS,40 Transactions,OLD KLANG ROAD,FREEHOLD,CONDOMINIUM
354,408,NOVA 2,40 Transactions,SEGAMBUT,FREEHOLD,APARTMENT
355,515,3 RESIDEN @ MELAWATI,40 Transactions,SETAPAK,FREEHOLD,CONDOMINIUM
356,309,PERMAI RIA,39 Transactions,BATU CAVES,FREEHOLD,CONDOMINIUM
357,364,CASA PRIMA,39 Transactions,KEPONG,LEASEHOLD,CONDOMINIUM
358,411,THE PALLADIUM,39 Transactions,KERAMAT,FREEHOLD,CONDOMINIUM
359,829,231 TR SERVICE SUITES,39 Transactions,KL CITY CENTRE,FREEHOLD,SERVICE RESIDENCE
360,"1,123",BINTANG FAIRLANE RESIDENCES,39 Transactions,KL CITY CENTRE,FREEHOLD,SERVICE RESIDENCE
361,"1,122",LAMAN CEYLON,39 Transactions,KL CITY CENTRE,FREEHOLD,SERVICE RESIDENCE
362,630,MONT KIARA PELANGI,39 Transactions,MONT KIARA,FREEHOLD,CONDOMINIUM
363,451,PANTAI HILLPARK 3,39 Transactions,PANTAI,LEASEHOLD,CONDOMINIUM
364,335,IDAMAN PUTRA,39 Transactions,SETAPAK,FREEHOLD,CONDOMINIUM
365,452,ENDAH PURI CONDOMINIUM,39 Transactions,SRI PETALING,LEASEHOLD,CONDOMINIUM
366,613,MUTIARA RESIDENCY,38 Transactions,BRICKFIELDS,FREEHOLD,CONDOMINIUM
367,799,TIJANI 2,38 Transactions,BUKIT TUNKU,FREEHOLD,CONDOMINIUM
368,416,VILLA LAMAN TASEK,38 Transactions,CHERAS,LEASEHOLD,CONDOMINIUM
369,360,VISTARIA RESIDENSI KONDOMINIUM,38 Transactions,CHERAS,LEASEHOLD,CONDOMINIUM
370,886,THE BREEZEWAY,38 Transactions,DESA PARKCITY,FREEHOLD,CONDOMINIUM
371,367,IXORA APARTMENT,38 Transactions,KL CITY CENTRE,LEASEHOLD,APARTMENT
372,572,THE FORUM,38 Transactions,KL CITY CENTRE,FREEHOLD,CONDOMINIUM
373,404,PRIMA SETAPAK II,38 Transactions,SETAPAK,FREEHOLD,CONDOMINIUM
374,346,MAWAR SARI,38 Transactions,SETIAWANGSA,LEASEHOLD,APARTMENT
375,807,MAYFAIR,38 Transactions,SRI HARTAMAS,FREEHOLD,SERVICE RESIDENCE
376,857,THE ELEMENTS,37 Transactions,AMPANG,FREEHOLD,SERVICE RESIDENCE
377,140,TAMAN SRI MURNI,37 Transactions,BATU CAVES,LEASEHOLD,FLAT
378,236,DESA PANDAN FLAT BLOCK B,37 Transactions,DESA PANDAN,LEASEHOLD,FLAT
379,938,ONE CENTRAL PARK,37 Transactions,DESA PARKCITY,FREEHOLD,CONDOMINIUM
380,308,FADASON,37 Transactions,JINJANG,LEASEHOLD,SERVICE RESIDENCE
381,273,AVANT COURT,37 Transactions,OLD KLANG ROAD,LEASEHOLD,CONDOMINIUM
382,340,PANTAI INDAH FASA 2,37 Transactions,PANTAI,FREEHOLD,APARTMENT
383,635,THE MAPLE,37 Transactions,SENTUL,FREEHOLD,CONDOMINIUM
384,349,INTAN APARTMENT,37 Transactions,SETIAWANGSA,FREEHOLD,APARTMENT
385,"1,008",JAMNAH VIEW,36 Transactions,BANGSAR,FREEHOLD,CONDOMINIUM
386,487,ALAM PURI 51,36 Transactions,BATU CAVES,FREEHOLD,CONDOMINIUM
387,481,GREEN AVENUE,36 Transactions,BUKIT JALIL,FREEHOLD,CONDOMINIUM
388,491,ANGGUNPURI,36 Transactions,DUTAMAS,FREEHOLD,CONDOMINIUM
389,210,SURIA MAGNA,36 Transactions,KEPONG,LEASEHOLD,APARTMENT
390,"1,032",VERTICAS RESIDENSI,36 Transactions,KL CITY CENTRE,FREEHOLD,CONDOMINIUM
391,986,NORTHPOINT RESIDENCES,36 Transactions,MID VALLEY CITY,LEASEHOLD,CONDOMINIUM
392,379,UNION HEIGHTS,36 Transactions,OLD KLANG ROAD,FREEHOLD,CONDOMINIUM
393,307,KELAB LE CHATEAU II,36 Transactions,SEPUTEH,FREEHOLD,CONDOMINIUM
394,663,WALDORF TOWER,36 Transactions,SRI HARTAMAS,FREEHOLD,SERVICE RESIDENCE
395,575,OBD GARDEN TOWER,36 Transactions,TAMAN DESA,FREEHOLD,CONDOMINIUM
396,579,VILLA FLORA (TTDI FASA 7),36 Transactions,TAMAN TUN DR ISMAIL,FREEHOLD,CONDOMINIUM
397,249,SRI SHAMELIN,35 Transactions,CHERAS,LEASEHOLD,FLAT
398,263,TAMAN CONNAUGHT,35 Transactions,CHERAS,LEASEHOLD,FLAT
399,387,DUTA RIA,35 Transactions,DUTAMAS,FREEHOLD,CONDOMINIUM
400,"1,388",FRASER PLACE (LOT 163),35 Transactions,KL CITY CENTRE,FREEHOLD,SERVICE RESIDENCE
401,641,MONT KIARA BANYAN,35 Transactions,MONT KIARA,FREEHOLD,CONDOMINIUM
402,443,BUKIT GEMBIRA,35 Transactions,OLD KLANG ROAD,FREEHOLD,"APARTMENT, CONDOMINIUM"
403,349,PANGSAPURI BUKIT AWANSARI (OG COURT),35 Transactions,OLD KLANG ROAD,FREEHOLD,CONDOMINIUM
404,307,ZAMRUD,35 Transactions,OLD KLANG ROAD,LEASEHOLD,APARTMENT
405,217,SRI TIOMAN II,35 Transactions,SETAPAK,LEASEHOLD,FLAT
406,320,TERATAI MEWAH BLOCK 4 & 6,35 Transactions,SETAPAK,FREEHOLD,APARTMENT
407,383,VILLA DANAU,35 Transactions,SETAPAK,LEASEHOLD,APARTMENT
408,950,THE GREENS,35 Transactions,TAMAN TUN DR ISMAIL,FREEHOLD,SERVICE RESIDENCE
409,411,MENTARI,34 Transactions,CHERAS,LEASEHOLD,CONDOMINIUM
410,327,SERI CENDEKIA,34 Transactions,CHERAS,LEASEHOLD,CONDOMINIUM
411,232,DESA PANDAN FLAT BLOCK E,34 Transactions,DESA PANDAN,LEASEHOLD,FLAT
412,620,KIARAMAS CENDANA,34 Transactions,MONT KIARA,FREEHOLD,CONDOMINIUM
413,726,PAPILLON DESA HILL,34 Transactions,OLD KLANG ROAD,FREEHOLD,CONDOMINIUM
414,601,LAMAN SCENARIA KIARA,34 Transactions,SEGAMBUT,FREEHOLD,CONDOMINIUM
415,552,DESA VILLA,34 Transactions,TAMAN DESA,FREEHOLD,CONDOMINIUM
416,"1,067",SETIA SKY RESIDENCE,34 Transactions,TITIWANGSA,FREEHOLD,SERVICE RESIDENCE
417,391,VISTANA CONDO,34 Transactions,TITIWANGSA,FREEHOLD,CONDOMINIUM
418,511,MENJALARA 18,33 Transactions,BANDAR MENJALARA,FREEHOLD,CONDOMINIUM
419,586,VILLA SCOTT,33 Transactions,BRICKFIELDS,FREEHOLD,CONDOMINIUM
420,446,PLAZA 393,33 Transactions,CHERAS,LEASEHOLD,APARTMENT
421,523,SRI MURNI,33 Transactions,DAMANSARA HEIGHTS,FREEHOLD,CONDOMINIUM
422,337,VILLA MUTIARA @ MUTIARA COMPLEX,33 Transactions,JALAN KUCHING,FREEHOLD,SERVICE RESIDENCE
423,158,TAMAN KEPONG INDAH,33 Transactions,KEPONG,LEASEHOLD,FLAT
424,742,2 HAMPSHIRE,33 Transactions,KL CITY CENTRE,FREEHOLD,CONDOMINIUM
425,"1,011",THE OVAL,33 Transactions,KL CITY CENTRE,FREEHOLD,SERVICE RESIDENCE
426,437,LANAI KIARA,33 Transactions,MONT KIARA,FREEHOLD,CONDOMINIUM
427,340,DESA GEMBIRA,33 Transactions,OLD KLANG ROAD,FREEHOLD,CONDOMINIUM
428,262,PINANG 1B / GALLERY 1E,33 Transactions,PUCHONG,LEASEHOLD,APARTMENT
429,147,TAMAN NAGA EMAS,33 Transactions,SALAK SOUTH,LEASEHOLD,FLAT
430,472,PLATINUM LAKE PV21,33 Transactions,SETAPAK,LEASEHOLD,SERVICE RESIDENCE
431,200,KELUMPUK PINANG,33 Transactions,SETIAWANGSA,LEASEHOLD,FLAT
432,445,8 PETALING,33 Transactions,SRI PETALING,LEASEHOLD,CONDOMINIUM
433,489,LAMAN MIDAH,32 Transactions,CHERAS,FREEHOLD,CONDOMINIUM
434,464,VISTA TASIK KONDO,32 Transactions,CHERAS,FREEHOLD,CONDOMINIUM
435,765,HAMPSHIRE PARK,32 Transactions,KL CITY CENTRE,FREEHOLD,CONDOMINIUM
436,686,TARAGON PUTERI BINTANG,32 Transactions,KL CITY CENTRE,FREEHOLD,SERVICE RESIDENCE
437,270,MUTIARA,32 Transactions,OLD KLANG ROAD,LEASEHOLD,APARTMENT
438,382,NOVA 1,32 Transactions,SEGAMBUT,FREEHOLD,APARTMENT
439,356,INDAH APARTMENT,32 Transactions,SETAPAK,"FREEHOLD, LEASEHOLD",", APARTMENT"
440,200,PANGSAPURI PERMAI,32 Transactions,SUNGAI BESI,LEASEHOLD,APARTMENT
441,224,SRI LEMPAH,32 Transactions,TAMAN DESA,LEASEHOLD,FLAT
442,251,TAMAN LTAT BUKIT JALIL,31 Transactions,BUKIT JALIL,LEASEHOLD,APARTMENT
443,205,TAMAN KOBENA,31 Transactions,CHERAS,LEASEHOLD,FLAT
444,298,SERI GEMBIRA APARTMENT,31 Transactions,JALAN KUCHING,FREEHOLD,APARTMENT
445,266,HAPPY COURT,31 Transactions,KEPONG,FREEHOLD,FLAT
446,201,PELANGI MAGNA,31 Transactions,KEPONG,LEASEHOLD,FLAT
447,"1,053",SUASANA BUKIT CEYLON (RAJA CHULAN RESIDENCES),31 Transactions,KL CITY CENTRE,FREEHOLD,SERVICE RESIDENCE
448,431,DIAMOND REGENCY,31 Transactions,SETAPAK,FREEHOLD,SERVICE RESIDENCE
449,182,KELOMPOK BUNGA RAYA,31 Transactions,SETIAWANGSA,LEASEHOLD,FLAT
450,372,MAHSURI APARTMENT,31 Transactions,SETIAWANGSA,FREEHOLD,APARTMENT
451,434,MENARA HARTAMAS,31 Transactions,SRI HARTAMAS,FREEHOLD,CONDOMINIUM
452,477,DANAU IMPIAN,31 Transactions,TAMAN DESA,LEASEHOLD,CONDOMINIUM
453,449,TIARA FABER,31 Transactions,TAMAN DESA,FREEHOLD,CONDOMINIUM
454,167,SRI CENDEKIA,30 Transactions,CHERAS,LEASEHOLD,FLAT
455,319,JATI SELATAN,30 Transactions,DESA PETALING,LEASEHOLD,APARTMENT
456,352,MENARA DUTA 2,30 Transactions,DUTAMAS,FREEHOLD,CONDOMINIUM
457,146,TAMAN SEJAHTERA,30 Transactions,JINJANG,LEASEHOLD,FLAT
458,888,CASA MUTIARA SERVICE APARTMENT,30 Transactions,KL CITY CENTRE,FREEHOLD,SERVICE RESIDENCE
459,461,SRI EMAS CONDOMINIUM,30 Transactions,KL CITY CENTRE,FREEHOLD,CONDOMINIUM
460,994,THE MERITZ,30 Transactions,KL CITY CENTRE,FREEHOLD,SERVICE RESIDENCE
461,546,ANGKUPURI,30 Transactions,MONT KIARA,FREEHOLD,CONDOMINIUM
462,619,LAMAN SURIA,30 Transactions,MONT KIARA,FREEHOLD,CONDOMINIUM
463,322,ANJUNG VILLA,30 Transactions,SENTUL,LEASEHOLD,APARTMENT
464,779,SUNWAY VIVALDI,30 Transactions,SRI HARTAMAS,FREEHOLD,CONDOMINIUM
465,650,THE PLAZA (TTDI),30 Transactions,TAMAN TUN DR ISMAIL,FREEHOLD,CONDOMINIUM
466,292,SRI KINABALU,30 Transactions,WANGSA MAJU,LEASEHOLD,APARTMENT
467,569,BAYU ANGKASA,29 Transactions,BANGSAR,FREEHOLD,CONDOMINIUM
468,196,CHERAS 4E,29 Transactions,CHERAS,LEASEHOLD,FLAT
469,274,KASTURI,29 Transactions,CHERAS,LEASEHOLD,FLAT
470,202,PUDU IMPIAN 1,29 Transactions,CHERAS,LEASEHOLD,FLAT
471,239,DESA PANDAN FLAT BLOCK A,29 Transactions,DESA PANDAN,LEASEHOLD,FLAT
472,270,DESA PANDAN FLAT BLOCK F,29 Transactions,DESA PANDAN,LEASEHOLD,FLAT
473,592,202 DC (DESA CAHAYA),29 Transactions,KERAMAT,FREEHOLD,CONDOMINIUM
474,919,DUA SENTRAL,29 Transactions,KL CITY CENTRE,FREEHOLD,SERVICE RESIDENCE
475,739,TARAGON PUTERI KL,29 Transactions,KL CITY CENTRE,FREEHOLD,SERVICE RESIDENCE
476,802,KIARA 9 RESIDENCY,29 Transactions,MONT KIARA,FREEHOLD,CONDOMINIUM
477,367,PLAZA SINAR,29 Transactions,SEGAMBUT,FREEHOLD,APARTMENT
478,380,LA VILLAS,29 Transactions,SETAPAK,FREEHOLD,APARTMENT
479,373,MENARA POLO,28 Transactions,AMPANG,LEASEHOLD,CONDOMINIUM
480,644,THE NOMAD SUCASA,28 Transactions,AMPANG,FREEHOLD,SERVICE RESIDENCE
481,157,SERI PERINDU,28 Transactions,CHERAS,"FREEHOLD, LEASEHOLD",", FLAT"
482,689,CENDANA,28 Transactions,KL CITY CENTRE,FREEHOLD,CONDOMINIUM
483,556,ANDALUCIA,28 Transactions,PANTAI,LEASEHOLD,CONDOMINIUM
484,459,ROSVILLA CONDOMINIUM,28 Transactions,SEGAMBUT,FREEHOLD,CONDOMINIUM
485,347,PELANGI,28 Transactions,SENTUL,FREEHOLD,CONDOMINIUM
486,536,SRI IMPIAN,27 Transactions,BRICKFIELDS,FREEHOLD,CONDOMINIUM
487,279,SEROJA,27 Transactions,JINJANG,LEASEHOLD,FLAT
488,333,BANGUNAN CHOO CHENG KHAY,27 Transactions,KL CITY CENTRE,FREEHOLD,APARTMENT
489,546,MUTIARA VILLA,27 Transactions,KL CITY CENTRE,FREEHOLD,CONDOMINIUM
490,207,SAN PENG,27 Transactions,KL CITY CENTRE,LEASEHOLD,FLAT
491,140,CENTRE COURT,27 Transactions,OLD KLANG ROAD,LEASEHOLD,FLAT
492,245,SENTUL UTARA FLAT,27 Transactions,SENTUL,LEASEHOLD,FLAT
493,326,MADU MAS,27 Transactions,SETAPAK,LEASEHOLD,CONDOMINIUM
494,827,CARLTON @ PLAZA DAMAS 3,27 Transactions,SRI HARTAMAS,FREEHOLD,SERVICE RESIDENCE
495,145,TAMAN CASTLEFIELD APARTMENT,27 Transactions,SRI PETALING,LEASEHOLD,FLAT
496,654,KM 1 BUKIT JALIL,26 Transactions,BUKIT JALIL,FREEHOLD,CONDOMINIUM
497,161,TAMAN MULIA,26 Transactions,CHERAS,LEASEHOLD,FLAT
498,119,TAMAN KUCHAI JAYA,26 Transactions,KUCHAI LAMA,LEASEHOLD,FLAT
499,176,SUCI APARTMENT,26 Transactions,OLD KLANG ROAD,FREEHOLD,APARTMENT
500,208,BAYVIEW COURT,26 Transactions,PUCHONG,LEASEHOLD,FLAT
501,498,ROBSON CONDOMINIUM,26 Transactions,SEPUTEH,FREEHOLD,CONDOMINIUM
502,201,PERUMAHAN AWAM SERI LANGKAWI 1,26 Transactions,SETAPAK,LEASEHOLD,FLAT
503,224,SRI BATU,25 Transactions,BATU CAVES,LEASEHOLD,FLAT
504,378,MANOR,25 Transactions,CHERAS,LEASEHOLD,APARTMENT
505,548,MENARA PGRM 2 (SERI CEMPAKA),25 Transactions,CHERAS,LEASEHOLD,SERVICE RESIDENCE
506,196,TAMAN MALURI,25 Transactions,CHERAS,LEASEHOLD,FLAT
507,545,MENARA PROMENADE,25 Transactions,KL CITY CENTRE,FREEHOLD,CONDOMINIUM
508,"1,274",THE SENTRAL RESIDENCES,25 Transactions,KL SENTRAL,FREEHOLD,SERVICE RESIDENCE
509,880,CHELSEA @ PLAZA DAMAS 3,25 Transactions,SRI HARTAMAS,FREEHOLD,SERVICE RESIDENCE
510,458,MASKIARA RESIDENCES,25 Transactions,TAMAN TUN DR ISMAIL,FREEHOLD,CONDOMINIUM
511,684,SHAMELIN STAR RESIDENSI,24 Transactions,AMPANG,LEASEHOLD,SERVICE RESIDENCE
512,625,SERI DUTA I,24 Transactions,BUKIT TUNKU,FREEHOLD,CONDOMINIUM
513,466,SKY VISTA RESIDENSI,24 Transactions,CHERAS,FREEHOLD,CONDOMINIUM
514,"1,000",CASA RESIDENCY,24 Transactions,KL CITY CENTRE,FREEHOLD,SERVICE RESIDENCE
515,458,CITY GARDENS,24 Transactions,KL CITY CENTRE,LEASEHOLD,CONDOMINIUM
516,826,STONOR PARK CONDO,24 Transactions,KL CITY CENTRE,FREEHOLD,CONDOMINIUM
517,259,PANTAI INDAH FASA 1,24 Transactions,PANTAI,FREEHOLD,FLAT
518,353,PLAZA PRIMA SETAPAK,24 Transactions,SETAPAK,LEASEHOLD,CONDOMINIUM
519,373,PUTERA APARTMENT,24 Transactions,SETIAWANGSA,FREEHOLD,APARTMENT
520,383,ALPHA VILLA,24 Transactions,WANGSA MAJU,LEASEHOLD,CONDOMINIUM
521,335,SRI JELATEK,24 Transactions,WANGSA MAJU,LEASEHOLD,APARTMENT
522,619,SCOTT SENTRAL,23 Transactions,BRICKFIELDS,FREEHOLD,SERVICE RESIDENCE
523,209,TAMAN SPPK SEGAMBUT,23 Transactions,DUTAMAS,FREEHOLD,FLAT
524,656,VERDANA,23 Transactions,DUTAMAS,FREEHOLD,CONDOMINIUM
525,686,CROWN REGENCY,23 Transactions,KL CITY CENTRE,FREEHOLD,SERVICE RESIDENCE
526,430,FRASER BUSINESS,23 Transactions,KL CITY CENTRE,FREEHOLD,SERVICE RESIDENCE
527,331,TULIN APARTMENT,23 Transactions,OLD KLANG ROAD,FREEHOLD,APARTMENT
528,196,SRI KELANTAN,23 Transactions,SENTUL,LEASEHOLD,FLAT
529,267,VILLA ANGKASA,23 Transactions,SENTUL,FREEHOLD,APARTMENT
530,164,KELOMPOK CAMAR,23 Transactions,SETIAWANGSA,LEASEHOLD,FLAT
531,370,SRI LOJING,23 Transactions,WANGSA MAJU,LEASEHOLD,CONDOMINIUM
532,738,DESA ANGKASA,22 Transactions,AMPANG,FREEHOLD,CONDOMINIUM
533,547,PLAZA MENJALARA,22 Transactions,BANDAR MENJALARA,LEASEHOLD,CONDOMINIUM
534,708,BANGSAR PUTERI,22 Transactions,BANGSAR,FREEHOLD,CONDOMINIUM
535,522,MENARA PELANGI,22 Transactions,BRICKFIELDS,FREEHOLD,APARTMENT
536,405,MENARA PUTERI,22 Transactions,BRICKFIELDS,FREEHOLD,CONDOMINIUM
537,156,DESA AMAN,22 Transactions,CHERAS,FREEHOLD,FLAT
538,407,PUDU IMPIAN 2 - VILA TROPIKA,22 Transactions,CHERAS,LEASEHOLD,CONDOMINIUM
539,188,PUSAT NIAGA METRO PRIMA,22 Transactions,KEPONG,LEASEHOLD,FLAT
540,"1,005",6 CEYLON,22 Transactions,KL CITY CENTRE,FREEHOLD,SERVICE RESIDENCE
541,442,MENARA BUKIT CEYLON,22 Transactions,KL CITY CENTRE,FREEHOLD,CONDOMINIUM
542,238,PKNS KAMPUNG BARU,22 Transactions,KL CITY CENTRE,LEASEHOLD,FLAT
543,676,SRI KENNY,22 Transactions,KL CITY CENTRE,FREEHOLD,CONDOMINIUM
544,455,CONTINENTAL HEIGHTS CONDO,22 Transactions,OLD KLANG ROAD,FREEHOLD,CONDOMINIUM
545,437,GEMILANG INDAH,22 Transactions,OLD KLANG ROAD,FREEHOLD,CONDOMINIUM
546,539,TIARA MUTIARA / THE CROWN,22 Transactions,OLD KLANG ROAD,FREEHOLD,SERVICE RESIDENCE
547,397,BUKIT SEGAMBUT APARTMENT,22 Transactions,SEGAMBUT,FREEHOLD,APARTMENT
548,439,KONDOMINIUM RAFFLESIA,22 Transactions,SENTUL,LEASEHOLD,CONDOMINIUM
549,267,LE CHATEAU,22 Transactions,SEPUTEH,FREEHOLD,CONDOMINIUM
550,412,SRI AYU,22 Transactions,SETIAWANGSA,FREEHOLD,CONDOMINIUM
551,"1,073",M SUITES,21 Transactions,AMPANG,FREEHOLD,SERVICE RESIDENCE
552,648,SERI DUTA II,21 Transactions,BUKIT TUNKU,FREEHOLD,CONDOMINIUM
553,241,INDAH MAS,21 Transactions,CHERAS,LEASEHOLD,APARTMENT
554,215,TAMAN CHERAS (YULEK HEIGHTS),21 Transactions,CHERAS,FREEHOLD,FLAT
555,354,VILLA MAKMUR CONDOMINIUM,21 Transactions,DUTAMAS,FREEHOLD,CONDOMINIUM
556,899,ONE RESIDENCY,21 Transactions,KL CITY CENTRE,FREEHOLD,SERVICE RESIDENCE
557,466,ARTE,21 Transactions,KUCHAI LAMA,LEASEHOLD,CONDOMINIUM
558,288,PINANG 1A,21 Transactions,OLD KLANG ROAD,LEASEHOLD,APARTMENT
559,443,MENARA SEPUTIH,21 Transactions,SEPUTEH,FREEHOLD,CONDOMINIUM
560,391,IDAMAN PUTERI,21 Transactions,SETAPAK,FREEHOLD,CONDOMINIUM
561,258,MEDAN INTAN APARTMENT,21 Transactions,SETAPAK,FREEHOLD,APARTMENT
562,335,SRI KENANGAN,21 Transactions,WANGSA MAJU,LEASEHOLD,APARTMENT
563,582,BANGSAR PERMAI,20 Transactions,BANGSAR,FREEHOLD,CONDOMINIUM
564,430,MIDAH RIA CONDOMINIUM,20 Transactions,CHERAS,FREEHOLD,CONDOMINIUM
565,387,VISTA HARMONI,20 Transactions,CHERAS,FREEHOLD,APARTMENT
566,468,DAMANSARA VILLA,20 Transactions,DAMANSARA HEIGHTS,FREEHOLD,CONDOMINIUM
567,638,PEARL SURIA RESIDENCE,20 Transactions,OLD KLANG ROAD,LEASEHOLD,SERVICE RESIDENCE
568,382,TAMAN MELATI UTAMA CONDO,20 Transactions,SETAPAK,FREEHOLD,CONDOMINIUM
569,209,KELUMPUK KEMUNTING,20 Transactions,SETIAWANGSA,LEASEHOLD,FLAT
570,828,BRUNSFIELD EMBASSYVIEW,19 Transactions,AMPANG,LEASEHOLD,CONDOMINIUM
571,946,KL GATEWAY,19 Transactions,BANGSAR SOUTH,LEASEHOLD,SERVICE RESIDENCE
572,355,BINTANG MAS,19 Transactions,CHERAS,LEASEHOLD,CONDOMINIUM
573,264,MIDAH RIA APARTMENT,19 Transactions,CHERAS,FREEHOLD,FLAT
574,176,WISMA SHENCOURT,19 Transactions,CHERAS,LEASEHOLD,FLAT
575,888,3 KIA PENG,19 Transactions,KL CITY CENTRE,FREEHOLD,SERVICE RESIDENCE
576,"2,045",BANYAN TREE SIGNATURE,19 Transactions,KL CITY CENTRE,FREEHOLD,SERVICE RESIDENCE
577,730,KL PLAZA,19 Transactions,KL CITY CENTRE,FREEHOLD,SERVICE RESIDENCE
578,170,MALAYAN MANSION,19 Transactions,KL CITY CENTRE,LEASEHOLD,FLAT
579,404,PLAZA RAH,19 Transactions,KL CITY CENTRE,FREEHOLD,CONDOMINIUM
580,"1,475",THE HORIZON RESIDENCES,19 Transactions,KL CITY CENTRE,FREEHOLD,SERVICE RESIDENCE
581,670,CENTRAL RESIDENCE,19 Transactions,SALAK SOUTH,FREEHOLD,SERVICE RESIDENCE
582,444,MAXIM CITILIGHTS,19 Transactions,SETAPAK,LEASEHOLD,SERVICE RESIDENCE
583,552,MH PLATINUM RESIDENSI,19 Transactions,SETAPAK,FREEHOLD,SERVICE RESIDENCE
584,164,KELUMPUK BAMBU,19 Transactions,SETIAWANGSA,LEASEHOLD,FLAT
585,425,TAR VILLA APARTMENT,19 Transactions,WANGSA MAJU,FREEHOLD,APARTMENT
586,707,DESA PALMA,18 Transactions,AMPANG,FREEHOLD,CONDOMINIUM
587,358,KESTANA,18 Transactions,BANDAR MENJALARA,LEASEHOLD,APARTMENT
588,674,633 RESIDENCY,18 Transactions,BRICKFIELDS,FREEHOLD,CONDOMINIUM
589,140,TAMAN LENSEN,18 Transactions,CHERAS,LEASEHOLD,FLAT
590,952,PRIMA DAMANSARA,18 Transactions,DAMANSARA HEIGHTS,FREEHOLD,CONDOMINIUM
591,207,KEPONG ENTREPRENEURS PARK,18 Transactions,KEPONG,LEASEHOLD,FLAT
592,894,BINJAI RESIDENCY,18 Transactions,KL CITY CENTRE,FREEHOLD,SERVICE RESIDENCE
593,812,SURIA STONOR,18 Transactions,KL CITY CENTRE,FREEHOLD,SERVICE RESIDENCE
594,208,WISMA HOCK ANN,18 Transactions,KL CITY CENTRE,FREEHOLD,FLAT
595,188,DELIMA,18 Transactions,OLD KLANG ROAD,LEASEHOLD,APARTMENT
596,560,DESA PERMAI,18 Transactions,OLD KLANG ROAD,FREEHOLD,CONDOMINIUM
597,204,SRI LEMPAH,18 Transactions,OLD KLANG ROAD,LEASEHOLD,FLAT
598,588,TAMAN ZETA @ ZETAPARK,18 Transactions,SETAPAK,LEASEHOLD,SERVICE RESIDENCE
599,204,MENARA RAJAWALI,18 Transactions,SETIAWANGSA,LEASEHOLD,APARTMENT
600,642,1 DESA RESIDENCE,18 Transactions,TAMAN DESA,FREEHOLD,CONDOMINIUM
601,412,LOGING HEIGHTS,18 Transactions,WANGSA MAJU,LEASEHOLD,"APARTMENT, CONDOMINIUM"
602,289,SRI LEDANG,18 Transactions,WANGSA MAJU,LEASEHOLD,APARTMENT
603,520,AMPANG HILIR TARA,17 Transactions,AMPANG,FREEHOLD,CONDOMINIUM
604,374,SHAMELIN BESTARI,17 Transactions,CHERAS,LEASEHOLD,CONDOMINIUM
605,691,D MAYANG,17 Transactions,KL CITY CENTRE,FREEHOLD,CONDOMINIUM
606,258,MENARA PUTRA,17 Transactions,KL CITY CENTRE,FREEHOLD,APARTMENT
607,217,SELANGOR MANSION,17 Transactions,KL CITY CENTRE,FREEHOLD,FLAT
608,"1,400",VORTEX SUITES & RESIDENCES,17 Transactions,KL CITY CENTRE,FREEHOLD,SERVICE RESIDENCE
609,259,BUKIT SRI BINTANG APARTMENT,17 Transactions,SEGAMBUT,FREEHOLD,APARTMENT
610,280,IDAMAN SURIA,17 Transactions,SETAPAK,FREEHOLD,APARTMENT
611,186,KELOMPOK KUANG,17 Transactions,SETIAWANGSA,LEASEHOLD,FLAT
612,478,SRI TTDI,17 Transactions,TAMAN TUN DR ISMAIL,FREEHOLD,CONDOMINIUM
613,683,BANGSAR HEIGHTS,16 Transactions,BANGSAR,FREEHOLD,CONDOMINIUM
614,849,CASCADIUM,16 Transactions,BANGSAR,FREEHOLD,CONDOMINIUM
615,182,TAMAN PERTAMA,16 Transactions,CHERAS,LEASEHOLD,FLAT
616,208,TAMAN SEGAR APARTMENT (CHERAS HEIGHTS),16 Transactions,CHERAS,FREEHOLD,FLAT
617,"1,291",PLATINUM SUITES (THE FACE SUITES),16 Transactions,KL CITY CENTRE,FREEHOLD,SERVICE RESIDENCE
618,200,TEPIAN LOKE YEW,16 Transactions,KL CITY CENTRE,FREEHOLD,FLAT
619,"1,982",THE BINJAI ON THE PARK,16 Transactions,KL CITY CENTRE,FREEHOLD,CONDOMINIUM
620,396,FORTUNA COURT,16 Transactions,OLD KLANG ROAD,FREEHOLD,CONDOMINIUM
621,256,TRICOURT (TAMAN SRI SENTOSA),16 Transactions,PUCHONG,LEASEHOLD,APARTMENT
622,401,DIAMOND RESIDENCE,16 Transactions,SETAPAK,FREEHOLD,SERVICE RESIDENCE
623,772,VUE RESIDENCES,16 Transactions,TITIWANGSA,FREEHOLD,SERVICE RESIDENCE
624,364,VISTA WIRA,16 Transactions,WANGSA MAJU,FREEHOLD,APARTMENT
625,397,GCB COURT,15 Transactions,AMPANG,FREEHOLD,CONDOMINIUM
626,410,FAJARIA,15 Transactions,BANGSAR,FREEHOLD,CONDOMINIUM
627,630,SRI KASTURINA,15 Transactions,BANGSAR,FREEHOLD,CONDOMINIUM
628,492,SRI BUKIT TUNKU,15 Transactions,BUKIT TUNKU,FREEHOLD,CONDOMINIUM
629,540,VILLA BUKIT TUNKU,15 Transactions,BUKIT TUNKU,FREEHOLD,CONDOMINIUM
630,326,MENARA KLH,15 Transactions,JALAN IPOH,FREEHOLD,CONDOMINIUM
631,245,PANGSAPURI SRI BANDAR,15 Transactions,JALAN IPOH,FREEHOLD,APARTMENT
632,158,TAMAN BATU,15 Transactions,JALAN KUCHING,LEASEHOLD,FLAT
633,"1,069",PARK SEVEN,15 Transactions,KL CITY CENTRE,FREEHOLD,CONDOMINIUM
634,329,PGB PLAZA CITY APARTMENT,15 Transactions,KL CITY CENTRE,LEASEHOLD,APARTMENT
635,221,PUTRA COURT,15 Transactions,KL CITY CENTRE,FREEHOLD,CONDOMINIUM
636,550,ALMASPURI,15 Transactions,MONT KIARA,FREEHOLD,CONDOMINIUM
637,737,AVANTAS RESIDENCES,15 Transactions,OLD KLANG ROAD,FREEHOLD,SERVICE RESIDENCE
638,396,ROBSON HEIGHTS,15 Transactions,SEPUTEH,FREEHOLD,CONDOMINIUM
639,324,KENARI APARTMENT,15 Transactions,SETAPAK,FREEHOLD,APARTMENT
640,332,TAMAN SETAPAK JAYA BARU,15 Transactions,SETAPAK,LEASEHOLD,APARTMENT
641,161,KELOMPOK CEMPERLING,15 Transactions,SETIAWANGSA,LEASEHOLD,FLAT
642,251,KELOMPOK DAHLIA / MELATI,15 Transactions,SETIAWANGSA,LEASEHOLD,FLAT
643,164,KELOMPOK EMBUN EMAS,15 Transactions,SETIAWANGSA,LEASEHOLD,FLAT
644,292,KENANGA SARI,15 Transactions,SETIAWANGSA,LEASEHOLD,APARTMENT
645,829,DESA BANGSAR RIA,14 Transactions,BANGSAR,FREEHOLD,CONDOMINIUM
646,791,SRI WANGSARIA,14 Transactions,BANGSAR,FREEHOLD,CONDOMINIUM
647,133,BUKIT ANGGERIK,14 Transactions,CHERAS,LEASEHOLD,FLAT
648,570,SEGAR VIEW,14 Transactions,CHERAS,FREEHOLD,CONDOMINIUM
649,293,SERI ANGGUN,14 Transactions,JALAN IPOH,FREEHOLD,APARTMENT
650,335,SINAR MAGNA,14 Transactions,KEPONG,LEASEHOLD,APARTMENT
651,340,APARTMENT ABDULLAH HUKUM,14 Transactions,KL CITY CENTRE,LEASEHOLD,APARTMENT
652,79,BLUE BOY MANSION,14 Transactions,KL CITY CENTRE,FREEHOLD,FLAT
653,634,CORINTHIAN,14 Transactions,KL CITY CENTRE,FREEHOLD,CONDOMINIUM
654,402,PANGSAPURI DESA TENAGA,14 Transactions,OLD KLANG ROAD,FREEHOLD,APARTMENT
655,201,TAMAN PANTAI DALAM FLAT,14 Transactions,PANTAI,FREEHOLD,FLAT
656,345,ANGSA APARTMENT,14 Transactions,SEGAMBUT,FREEHOLD,APARTMENT
657,306,MANDY COURT,14 Transactions,SEGAMBUT,LEASEHOLD,APARTMENT
658,296,NILAM APARTMENTS,14 Transactions,SEGAMBUT,FREEHOLD,APARTMENT
659,112,TAMAN MEGAH KEPONG,14 Transactions,SEGAMBUT,FREEHOLD,FLAT
660,208,SENTUL PARK,14 Transactions,SENTUL,FREEHOLD,FLAT
661,241,MENARA JENTAYU,14 Transactions,SETIAWANGSA,LEASEHOLD,APARTMENT
662,937,SERI AMPANG HILIR RESIDENCES,13 Transactions,AMPANG,FREEHOLD,CONDOMINIUM
663,669,CASA VISTA,13 Transactions,BANGSAR,FREEHOLD,CONDOMINIUM
664,702,DEX SUITES,13 Transactions,BATU CAVES,LEASEHOLD,SERVICE RESIDENCE
665,275,GOLDEN CITY,13 Transactions,JALAN IPOH,FREEHOLD,CONDOMINIUM
666,854,6 CAPSQUARE,13 Transactions,KL CITY CENTRE,FREEHOLD,CONDOMINIUM
667,469,BOUNGAINVILLA,13 Transactions,KL CITY CENTRE,FREEHOLD,CONDOMINIUM
668,"1,148",ONE KL,13 Transactions,KL CITY CENTRE,FREEHOLD,CONDOMINIUM
669,144,RICHMOORE HOTEL SUIT/ACE ELECTRONIC MALL,13 Transactions,KL CITY CENTRE,FREEHOLD,SERVICE RESIDENCE
670,572,BUKIT ROBSON CONDOMINIUM,13 Transactions,SEPUTEH,FREEHOLD,CONDOMINIUM
671,604,SRI LANGIT,13 Transactions,SEPUTEH,FREEHOLD,CONDOMINIUM
672,224,MEGAN SETAPAK,13 Transactions,SETAPAK,LEASEHOLD,FLAT
673,173,KELOMPOK SERUNDING MALAM,13 Transactions,SETIAWANGSA,LEASEHOLD,FLAT
674,229,MENARA CENDERAWASIH,13 Transactions,SETIAWANGSA,LEASEHOLD,APARTMENT
675,304,PUTRI,13 Transactions,SETIAWANGSA,FREEHOLD,APARTMENT
676,653,WINDSOR TOWER,13 Transactions,SRI HARTAMAS,FREEHOLD,SERVICE RESIDENCE
677,495,FABER INDAH,13 Transactions,TAMAN DESA,FREEHOLD,APARTMENT
678,674,KIARA VIEW,13 Transactions,TAMAN TUN DR ISMAIL,FREEHOLD,CONDOMINIUM
679,698,THE RESIDENCE,13 Transactions,TAMAN TUN DR ISMAIL,FREEHOLD,CONDOMINIUM
680,380,PANGSA MURNI,13 Transactions,WANGSA MAJU,LEASEHOLD,APARTMENT
681,178,DESA TASEK FASA 1,12 Transactions,BANDAR TASIK SELATAN,LEASEHOLD,FLAT
682,54,PPR INTAN BAIDURI,12 Transactions,BATU CAVES,LEASEHOLD,FLAT
683,508,PALM COURT APARTMENT,12 Transactions,BRICKFIELDS,FREEHOLD,APARTMENT
684,672,LIDO RESIDENCY,12 Transactions,CHERAS,LEASEHOLD,CONDOMINIUM
685,679,CONCERTO NORTH KIARA,12 Transactions,DUTAMAS,FREEHOLD,CONDOMINIUM
686,151,FLAT DBKL JALAN HANG TUAH,12 Transactions,KL CITY CENTRE,FREEHOLD,FLAT
687,385,MENARA BELFIELD,12 Transactions,KL CITY CENTRE,FREEHOLD,CONDOMINIUM
688,735,SRI KIA PENG,12 Transactions,KL CITY CENTRE,FREEHOLD,CONDOMINIUM
689,916,THE AVARE,12 Transactions,KL CITY CENTRE,FREEHOLD,CONDOMINIUM
690,473,GEMBIRA PARK,12 Transactions,OLD KLANG ROAD,FREEHOLD,APARTMENT
691,356,MEADOW PARK 1,12 Transactions,OLD KLANG ROAD,FREEHOLD,CONDOMINIUM
692,370,APARTMENT DAHLIA,12 Transactions,SETAPAK,FREEHOLD,APARTMENT
693,182,KELOMPOK TEMPUA,12 Transactions,SETIAWANGSA,LEASEHOLD,FLAT
694,218,MENARA MERAK KAYANGAN,12 Transactions,SETIAWANGSA,LEASEHOLD,APARTMENT
695,979,SRI BUKIT PERSEKUTUAN,11 Transactions,BANGSAR,FREEHOLD,CONDOMINIUM
696,216,TONG FATT BUILDING,11 Transactions,BRICKFIELDS,FREEHOLD,FLAT
697,409,ASTAKA HEIGHTS APARTMENTS,11 Transactions,CHERAS,FREEHOLD,APARTMENT
698,497,MAXIM RESIDENCES,11 Transactions,CHERAS,"FREEHOLD, LEASEHOLD",", SERVICE RESIDENCE"
699,54,PERUMAHAN AWAM SERI KOTA,11 Transactions,CHERAS,LEASEHOLD,FLAT
700,195,TAMAN SHAMELIN PERKASA,11 Transactions,CHERAS,LEASEHOLD,FLAT
701,395,PRIMA RIA,11 Transactions,DUTAMAS,FREEHOLD,CONDOMINIUM
702,342,ANTAH TOWER,11 Transactions,JALAN KUCHING,FREEHOLD,CONDOMINIUM
703,108,TAMAN FADASON,11 Transactions,JINJANG,LEASEHOLD,FLAT
704,360,VILLA PAWANA,11 Transactions,KERAMAT,FREEHOLD,CONDOMINIUM
705,556,SERI RAJA CHULAN,11 Transactions,KL CITY CENTRE,FREEHOLD,CONDOMINIUM
706,461,SUN COMPLEX,11 Transactions,KL CITY CENTRE,FREEHOLD,APARTMENT
707,533,KERINCHI RESIDENSI,11 Transactions,PANTAI,LEASEHOLD,APARTMENT
708,494,SEPUTIH PERMAI,11 Transactions,SEPUTEH,FREEHOLD,CONDOMINIUM
709,198,MENARA SRI JATI,11 Transactions,SETIAWANGSA,LEASEHOLD,FLAT
710,603,KATANA,10 Transactions,AMPANG,FREEHOLD,CONDOMINIUM
711,54,PPR HILIRAN AMPANG,10 Transactions,AMPANG,LEASEHOLD,FLAT
712,"1,192",SASTRA U-THANT,10 Transactions,AMPANG,FREEHOLD,CONDOMINIUM
713,805,MENARA BANGSAR,10 Transactions,BANGSAR,FREEHOLD,CONDOMINIUM
714,195,PKNS 17 KAMPUNG KERINCHI,10 Transactions,BANGSAR SOUTH,LEASEHOLD,FLAT
715,397,MIDAH HEIGHTS,10 Transactions,CHERAS,FREEHOLD,APARTMENT
716,167,TAMAN SRI CENDEKIA (TAMAN CONNAUGHT),10 Transactions,CHERAS,LEASEHOLD,FLAT
717,376,VILLA SERI PUTERI,10 Transactions,CHERAS,LEASEHOLD,CONDOMINIUM
718,542,INDAH DAMANSARA,10 Transactions,DAMANSARA HEIGHTS,FREEHOLD,CONDOMINIUM
719,298,BAIDURI BLOCK C,10 Transactions,DESA PANDAN,LEASEHOLD,APARTMENT
720,404,RSGC VIEW,10 Transactions,DESA PANDAN,FREEHOLD,APARTMENT
721,812,KIRANA RESIDENCE,10 Transactions,KL CITY CENTRE,FREEHOLD,CONDOMINIUM
722,139,RUMAH PANGSA JALAN LOKE YEW,10 Transactions,KL CITY CENTRE,LEASEHOLD,FLAT
723,424,SEASONS TOWER,10 Transactions,KL CITY CENTRE,FREEHOLD,CONDOMINIUM
724,578,TINGGIAN TITIWANGSA @ THE REACH,10 Transactions,KL CITY CENTRE,FREEHOLD,CONDOMINIUM
725,"1,045",ARCORIS MONT KIARA,10 Transactions,MONT KIARA,FREEHOLD,SERVICE RESIDENCE
726,525,FLORA MURNI,10 Transactions,MONT KIARA,FREEHOLD,CONDOMINIUM
727,411,VILLA OUG CONDO,10 Transactions,OLD KLANG ROAD,FREEHOLD,CONDOMINIUM
728,721,RESIDENSI RIMBUNAN @ PETALZ RESIDENSI,10 Transactions,PANTAI,FREEHOLD,SERVICE RESIDENCE
729,301,MAHASA VILLA APARTMENT,10 Transactions,SENTUL,FREEHOLD,CONDOMINIUM
730,489,KRISTAL COURT,10 Transactions,SEPUTEH,FREEHOLD,APARTMENT
731,361,JASMIN APARTMENT,10 Transactions,SETAPAK,LEASEHOLD,APARTMENT
732,307,RESOURCES SPRING,10 Transactions,SETAPAK,LEASEHOLD,APARTMENT
733,847,CLIVEDEN @ PLAZA DAMAS 3,10 Transactions,SRI HARTAMAS,FREEHOLD,SERVICE RESIDENCE
734,497,BUKIT DESA CONDOMINIUM,10 Transactions,TAMAN DESA,FREEHOLD,CONDOMINIUM
735,531,VILLA AMPANG,9 Transactions,AMPANG,FREEHOLD,CONDOMINIUM
736,230,DESA TASEK FASA 6B,9 Transactions,BANDAR TASIK SELATAN,LEASEHOLD,FLAT
737,"1,012",BANGSAR PEAK,9 Transactions,BANGSAR,FREEHOLD,CONDOMINIUM
738,"1,306",NADI BANGSAR,9 Transactions,BANGSAR,FREEHOLD,SERVICE RESIDENCE
739,"1,657",SERAI BUKIT BANDARAYA,9 Transactions,BANGSAR,FREEHOLD,CONDOMINIUM
740,384,CRESCENT COURT,9 Transactions,BRICKFIELDS,FREEHOLD,APARTMENT
741,667,SAVANNA 2,9 Transactions,BUKIT JALIL,FREEHOLD,CONDOMINIUM
742,291,CLOUD VIEW TOWER,9 Transactions,CHERAS,LEASEHOLD,APARTMENT
743,205,TAMAN BUKIT RIA,9 Transactions,CHERAS,LEASEHOLD,FLAT
744,174,TAMAN ORKID DESA,9 Transactions,CHERAS,LEASEHOLD,FLAT
745,687,VILA VISTA,9 Transactions,CHERAS,LEASEHOLD,CONDOMINIUM
746,766,2-TWELVE CONDOMINIUM,9 Transactions,KERAMAT,FREEHOLD,CONDOMINIUM
747,"1,089",188 SUITES,9 Transactions,KL CITY CENTRE,LEASEHOLD,SERVICE RESIDENCE
748,646,1A STONOR,9 Transactions,KL CITY CENTRE,LEASEHOLD,CONDOMINIUM
749,"1,177",AMPERSAND,9 Transactions,KL CITY CENTRE,LEASEHOLD,CONDOMINIUM
750,147,PKNS JALAN TUN RAZAK,9 Transactions,KL CITY CENTRE,LEASEHOLD,FLAT
751,607,TARAGON YAP KWAN SENG,9 Transactions,KL CITY CENTRE,FREEHOLD,CONDOMINIUM
752,655,UBN APARTMENT,9 Transactions,KL CITY CENTRE,FREEHOLD,CONDOMINIUM
753,177,JALAN CHEMPEDAK,9 Transactions,SENTUL,FREEHOLD,FLAT
754,435,MEDAN MEGA MELATI (M3) RESIDENCY,9 Transactions,SETAPAK,LEASEHOLD,SERVICE RESIDENCE
755,315,MELATI IMPIAN,9 Transactions,SETAPAK,FREEHOLD,APARTMENT
756,227,MENARA SRI CENDANA,9 Transactions,SETIAWANGSA,LEASEHOLD,FLAT
757,484,SERI TITIWANGSA CONDOMINIUM,9 Transactions,TITIWANGSA,FREEHOLD,CONDOMINIUM
758,393,DESA VILLAS,9 Transactions,WANGSA MAJU,LEASEHOLD,CONDOMINIUM
759,330,WAIZURI 1,9 Transactions,WANGSA MAJU,LEASEHOLD,CONDOMINIUM
760,997,U-THANT RESIDENCE,8 Transactions,AMPANG,FREEHOLD,CONDOMINIUM
761,440,MEDAN PUTRA BUSINESS CENTRE,8 Transactions,BANDAR MENJALARA,LEASEHOLD,SERVICE RESIDENCE
762,734,ARAVILLE,8 Transactions,BANGSAR,FREEHOLD,CONDOMINIUM
763,650,CONTESSA,8 Transactions,BANGSAR,FREEHOLD,CONDOMINIUM
764,"1,001",KEN BANGSAR,8 Transactions,BANGSAR,FREEHOLD,SERVICE RESIDENCE
765,361,KTMB BANGSAR UTAMA,8 Transactions,BANGSAR,LEASEHOLD,APARTMENT
766,554,THE PINES,8 Transactions,BRICKFIELDS,FREEHOLD,"APARTMENT, CONDOMINIUM"
767,204,TAMAN BUKIT MEWAH (SERI BAHTERA),8 Transactions,CHERAS,LEASEHOLD,FLAT
768,325,CITY TOWER,8 Transactions,KL CITY CENTRE,FREEHOLD,APARTMENT
769,469,MENARA ANTARA,8 Transactions,KL CITY CENTRE,FREEHOLD,CONDOMINIUM
770,204,SELAYANG FLAT,8 Transactions,KL CITY CENTRE,FREEHOLD,FLAT
771,530,WISMA COSWAY (WISMA STEPHENS),8 Transactions,KL CITY CENTRE,FREEHOLD,SERVICE RESIDENCE
772,773,RESIDENSI V,8 Transactions,OLD KLANG ROAD,FREEHOLD,SERVICE RESIDENCE
773,348,AMANDARI,8 Transactions,SEGAMBUT,FREEHOLD,CONDOMINIUM
774,324,MUTIARA SENTUL CONDOMINIUM,8 Transactions,SENTUL,FREEHOLD,CONDOMINIUM
775,170,PANGSAPURI B/RAYA SETAPAK,8 Transactions,SETAPAK,LEASEHOLD,FLAT
776,232,PANGSAPURI BANDARAYA SETAPAK,8 Transactions,SETAPAK,LEASEHOLD,FLAT
777,54,PPR KAMPUNG BARU AIR PANAS,8 Transactions,SETAPAK,LEASEHOLD,FLAT
778,155,KELOMPOK MAWAR,8 Transactions,SETIAWANGSA,LEASEHOLD,FLAT
779,247,MENARA SERI CENGAL,8 Transactions,SETIAWANGSA,LEASEHOLD,FLAT
780,291,PKNS ULU KELANG,8 Transactions,SETIAWANGSA,LEASEHOLD,FLAT
781,302,WAIZURI 2,8 Transactions,WANGSA MAJU,LEASEHOLD,CONDOMINIUM
782,909,M CITY,7 Transactions,AMPANG,FREEHOLD,SERVICE RESIDENCE
783,720,BANGSAR INDAH,7 Transactions,BANGSAR,LEASEHOLD,CONDOMINIUM
784,874,PALMYRA BANGSAR,7 Transactions,BANGSAR,FREEHOLD,CONDOMINIUM
785,107,DESA BAKTI,7 Transactions,BATU CAVES,LEASEHOLD,FLAT
786,127,TAMAN WILAYAH SELAYANG,7 Transactions,BATU CAVES,LEASEHOLD,FLAT
787,896,ARATA TIJANI,7 Transactions,BUKIT TUNKU,FREEHOLD,CONDOMINIUM
788,394,SUASANA LUMAYAN CONDO(CASA IMPIAN),7 Transactions,CHERAS,"FREEHOLD, LEASEHOLD",", CONDOMINIUM"
789,309,BELAIR,7 Transactions,DAMANSARA HEIGHTS,FREEHOLD,CONDOMINIUM
790,732,VILLA SETIA,7 Transactions,DAMANSARA HEIGHTS,FREEHOLD,CONDOMINIUM
791,514,ZETA DESKYE,7 Transactions,JALAN IPOH,FREEHOLD,CONDOMINIUM
792,"1,261",D'MAJESTIC,7 Transactions,KL CITY CENTRE,FREEHOLD,SERVICE RESIDENCE
793,350,DOWNTOWN CONDOMINIUM,7 Transactions,KL CITY CENTRE,FREEHOLD,CONDOMINIUM
794,241,IMPIAN KOTA,7 Transactions,KL CITY CENTRE,FREEHOLD,APARTMENT
795,149,PKNS JALAN SUNGAI BARU,7 Transactions,KL CITY CENTRE,LEASEHOLD,FLAT
796,127,RAZAK MANSION,7 Transactions,KL CITY CENTRE,FREEHOLD,FLAT
797,"1,239",VOGUE SUITES ONE,7 Transactions,KL CITY CENTRE,LEASEHOLD,SERVICE RESIDENCE
798,336,SENTOSA COURT,7 Transactions,OLD KLANG ROAD,LEASEHOLD,APARTMENT
799,162,GASING INDAH FLAT,7 Transactions,PANTAI,FREEHOLD,FLAT
800,522,MERC RESIDENCE,7 Transactions,SEPUTEH,FREEHOLD,CONDOMINIUM
801,338,LANGKAWI APERTMENT,7 Transactions,SETAPAK,FREEHOLD,APARTMENT
802,155,KELOMPOK SERINDIT,7 Transactions,SETIAWANGSA,LEASEHOLD,FLAT
803,592,RESIDENSI VYNE SUNGAI BESI,7 Transactions,SUNGAI BESI,"FREEHOLD, LEASEHOLD",", CONDOMINIUM"
804,596,THE TRELLISES,7 Transactions,TAMAN TUN DR ISMAIL,FREEHOLD,CONDOMINIUM
805,457,GALLERY @ U-THANT,6 Transactions,AMPANG,FREEHOLD,CONDOMINIUM
806,546,BANGSAR AMAN,6 Transactions,BANGSAR,FREEHOLD,CONDOMINIUM
807,717,NUSA RHU,6 Transactions,BANGSAR,FREEHOLD,CONDOMINIUM
808,921,SUNWAY VELOCITY,6 Transactions,CHERAS,FREEHOLD,SERVICE RESIDENCE
809,192,JALAN PADANG WALTER GRENIER,6 Transactions,KL CITY CENTRE,FREEHOLD,FLAT
810,861,MAYANG COURT,6 Transactions,KL CITY CENTRE,FREEHOLD,CONDOMINIUM
811,"1,265",MENARA SOHO,6 Transactions,KL CITY CENTRE,FREEHOLD,SERVICE RESIDENCE
812,957,THREE28 TUN RAZAK,6 Transactions,KL CITY CENTRE,FREEHOLD,SERVICE RESIDENCE
813,572,WISMA CUEPACS,6 Transactions,KL CITY CENTRE,FREEHOLD,APARTMENT
814,769,RICHMOND,6 Transactions,MONT KIARA,FREEHOLD,CONDOMINIUM
815,294,LAUREL APARTMENT,6 Transactions,OLD KLANG ROAD,FREEHOLD,FLAT
816,476,VILLA BANYAN CONDO,6 Transactions,OLD KLANG ROAD,FREEHOLD,CONDOMINIUM
817,339,WASHINGTON TOWER (MEADOW PARK),6 Transactions,OLD KLANG ROAD,FREEHOLD,CONDOMINIUM
818,320,VILLA MEWAH,6 Transactions,SALAK SOUTH,LEASEHOLD,APARTMENT
819,210,LORONG SYED PUTRA KIRI,6 Transactions,SEPUTEH,FREEHOLD,FLAT
820,54,PPR SERI SEMARAK,6 Transactions,SETAPAK,LEASEHOLD,FLAT
821,830,DAMAI SURIA,5 Transactions,AMPANG,FREEHOLD,CONDOMINIUM
822,599,SHAHZAN COURT,5 Transactions,AMPANG,FREEHOLD,CONDOMINIUM
823,774,PARKROSE,5 Transactions,BANGSAR,FREEHOLD,CONDOMINIUM
824,526,BELVEDERE,5 Transactions,BUKIT TUNKU,LEASEHOLD,CONDOMINIUM
825,54,PERUMAHAN AWAM SRI SABAH,5 Transactions,CHERAS,LEASEHOLD,FLAT
826,125,TAMAN RAJAWALI,5 Transactions,CHERAS,FREEHOLD,FLAT
827,134,TAMAN TENAGA,5 Transactions,CHERAS,LEASEHOLD,FLAT
828,524,THE AMPWALK,5 Transactions,KERAMAT,FREEHOLD,SERVICE RESIDENCE
829,384,JALAN ABRAHAM,5 Transactions,KL CITY CENTRE,FREEHOLD,FLAT
830,528,JALAN BEDARA,5 Transactions,KL CITY CENTRE,FREEHOLD,FLAT
831,153,JALAN GAJUS,5 Transactions,KL CITY CENTRE,FREEHOLD,FLAT
832,340,JALAN KHOO TEIK EE,5 Transactions,KL CITY CENTRE,FREEHOLD,FLAT
833,160,JALAN LOKE YEW,5 Transactions,KL CITY CENTRE,LEASEHOLD,FLAT
834,246,LORONG HAJI TAIB,5 Transactions,KL CITY CENTRE,FREEHOLD,FLAT
835,672,SUTERA BUKIT TUNKU,5 Transactions,KL CITY CENTRE,FREEHOLD,CONDOMINIUM
836,420,ONE MESRARIA,5 Transactions,OLD KLANG ROAD,FREEHOLD,APARTMENT
837,353,VILLA BAHAGIA,5 Transactions,SALAK SOUTH,FREEHOLD,APARTMENT
838,407,PANGSAPURI BAYU SENTUL,5 Transactions,SENTUL,LEASEHOLD,CONDOMINIUM
839,361,BLOCK 42 TAMAN TERATAI MEWAH,5 Transactions,SETAPAK,FREEHOLD,APARTMENT
840,270,GOMBAK COURT,5 Transactions,SETAPAK,FREEHOLD,APARTMENT
841,295,SRI LANGKAWI,5 Transactions,SETAPAK,LEASEHOLD,FLAT
842,601,ANYAMAN RESIDENCE,5 Transactions,SUNGAI BESI,FREEHOLD,CONDOMINIUM
843,478,ABADI RIA KONDOMINIUM,5 Transactions,TAMAN DESA,LEASEHOLD,CONDOMINIUM
844,636,PINGGIRAN KIARA,5 Transactions,TAMAN TUN DR ISMAIL,FREEHOLD,CONDOMINIUM
845,609,FERNLEA COURT,4 Transactions,AMPANG,FREEHOLD,CONDOMINIUM
846,573,WICKHAM MANOR,4 Transactions,AMPANG,FREEHOLD,CONDOMINIUM
847,541,DUA MENJALARA,4 Transactions,BANDAR MENJALARA,LEASEHOLD,CONDOMINIUM
848,847,SOUTHVIEW RESIDENCE,4 Transactions,BANGSAR SOUTH,FREEHOLD,SERVICE RESIDENCE
849,154,PERUMAHAN AWAM SERI PULAU PINANG,4 Transactions,CHERAS,LEASEHOLD,FLAT
850,585,SEGAR COURT,4 Transactions,CHERAS,LEASEHOLD,CONDOMINIUM
851,235,TAMAN CANTIK,4 Transactions,CHERAS,LEASEHOLD,FLAT
852,"1,021",ZENIA,4 Transactions,DESA PARKCITY,FREEHOLD,CONDOMINIUM
853,149,PKNS FLAT JALAN KUCHING (TAMAN SRI DELIMA),4 Transactions,JALAN KUCHING,LEASEHOLD,FLAT
854,280,JALAN MERLIMAU,4 Transactions,KL CITY CENTRE,FREEHOLD,FLAT
855,478,JELITA COURT,4 Transactions,KL CITY CENTRE,FREEHOLD,CONDOMINIUM
856,432,NANYANG GARDEN,4 Transactions,KL CITY CENTRE,FREEHOLD,FLAT
857,500,PLAZA GM,4 Transactions,KL CITY CENTRE,FREEHOLD,SERVICE RESIDENCE
858,134,THAMBY ABDULLAH,4 Transactions,KL CITY CENTRE,FREEHOLD,FLAT
859,323,SRI DESA ENTREPRENEUR PARK,4 Transactions,KUCHAI LAMA,FREEHOLD,FLAT
860,323,DEWANA MANSION,4 Transactions,SALAK SOUTH,LEASEHOLD,APARTMENT
861,228,BANDAR BARU SENTUL,4 Transactions,SENTUL,LEASEHOLD,APARTMENT
862,263,HOCK LOCK MANSION,4 Transactions,SENTUL,FREEHOLD,FLAT
863,237,JALAN SENTUL,4 Transactions,SENTUL,FREEHOLD,FLAT
864,210,KONG LOCK MANSION,4 Transactions,SENTUL,FREEHOLD,FLAT
865,127,JALAN LANGGAK BUKIT,4 Transactions,SETAPAK,FREEHOLD,FLAT
866,54,PPR SUNGAI BONUS,4 Transactions,SETAPAK,LEASEHOLD,FLAT
867,230,TAMAN P RAMLEE,4 Transactions,SETAPAK,FREEHOLD,APARTMENT
868,232,TAMAN SETIAWANGSA,4 Transactions,SETIAWANGSA,FREEHOLD,FLAT
869,"1,238",THE SIGNATURE,4 Transactions,SRI HARTAMAS,FREEHOLD,SERVICE RESIDENCE
870,975,IRINGAN HIJAU,3 Transactions,AMPANG,FREEHOLD,CONDOMINIUM
871,"1,326",KAWASAN JALAN AMPANG/AMPANG HILIR,3 Transactions,AMPANG,FREEHOLD,"APARTMENT, CONDOMINIUM"
872,970,INARA,3 Transactions,BANGSAR,FREEHOLD,CONDOMINIUM
873,592,PANTAI TOWER,3 Transactions,BANGSAR,FREEHOLD,CONDOMINIUM
874,283,SRI BANGSAR,3 Transactions,BANGSAR,FREEHOLD,APARTMENT
875,581,SRI BAYU,3 Transactions,BANGSAR,FREEHOLD,CONDOMINIUM
876,682,TUSCANY,3 Transactions,BANGSAR,FREEHOLD,CONDOMINIUM
877,103,BANGUNAN SRI LAYANG,3 Transactions,BRICKFIELDS,FREEHOLD,FLAT
878,674,RESIDENSI MUTIARA KONDOMINIUM,3 Transactions,BRICKFIELDS,FREEHOLD,CONDOMINIUM
879,267,TONG NAM BUILDING,3 Transactions,BRICKFIELDS,LEASEHOLD,FLAT
880,873,ARATA TIJANI CONDO,3 Transactions,BUKIT TUNKU,FREEHOLD,CONDOMINIUM
881,394,THE SANCTUARY,3 Transactions,BUKIT TUNKU,FREEHOLD,CONDOMINIUM
882,219,BADAK,3 Transactions,CHERAS,LEASEHOLD,FLAT
883,331,JASMINE COURT,3 Transactions,CHERAS,FREEHOLD,APARTMENT
884,636,DESA BISTARI,3 Transactions,DAMANSARA HEIGHTS,FREEHOLD,CONDOMINIUM
885,675,LAGENDA DAMANSARA CONDOMINIUM,3 Transactions,DAMANSARA HEIGHTS,FREEHOLD,CONDOMINIUM
886,705,PERUMAHAN GURNEY,3 Transactions,KERAMAT,FREEHOLD,CONDOMINIUM
887,254,BANGUNAN TAI SENG,3 Transactions,KL CITY CENTRE,FREEHOLD,FLAT
888,650,DAMAI 206 @ EMBASSY ROW,3 Transactions,KL CITY CENTRE,FREEHOLD,CONDOMINIUM
889,"1,247",DESA KUDALARI,3 Transactions,KL CITY CENTRE,FREEHOLD,CONDOMINIUM
890,464,JALAN BRUNEI UTARA,3 Transactions,KL CITY CENTRE,FREEHOLD,FLAT
891,454,JALAN HORLEY,3 Transactions,KL CITY CENTRE,FREEHOLD,FLAT
892,394,JALAN KENANGA,3 Transactions,KL CITY CENTRE,FREEHOLD,FLAT
893,465,MENARA KENANGA,3 Transactions,KL CITY CENTRE,FREEHOLD,CONDOMINIUM
894,84,TIONG NAM FLAT,3 Transactions,KL CITY CENTRE,FREEHOLD,FLAT
895,"2,323",THE ST. REGIS KUALA LUMPUR,3 Transactions,KL SENTRAL,FREEHOLD,SERVICE RESIDENCE
896,548,ONE MONT KIARA,3 Transactions,MONT KIARA,FREEHOLD,SERVICE RESIDENCE
897,393,FERN LODGE,3 Transactions,OLD KLANG ROAD,FREEHOLD,CONDOMINIUM
898,202,KELANG LAMA BUSINESS PARK,3 Transactions,OLD KLANG ROAD,FREEHOLD,FLAT
899,43,TAMAN TAN YEW LAI,3 Transactions,OLD KLANG ROAD,FREEHOLD,FLAT
900,201,TAMAN INDAH MURNI,3 Transactions,SEGAMBUT,FREEHOLD,FLAT
901,190,JALAN IPOH,3 Transactions,SENTUL,FREEHOLD,FLAT
902,192,JALAN NANGKA,3 Transactions,SENTUL,FREEHOLD,FLAT
903,234,TAI CHEONG MANSION,3 Transactions,SENTUL,FREEHOLD,FLAT
904,691,HEDGEFORD 10 RESIDENCES,3 Transactions,SETAPAK,FREEHOLD,SERVICE RESIDENCE
905,187,SETAPAK JAYA,3 Transactions,SETAPAK,LEASEHOLD,FLAT
906,350,TERATAI MEWAH 101,3 Transactions,SETAPAK,FREEHOLD,APARTMENT
907,777,16 TAMAN U-THANT,2 Transactions,AMPANG,FREEHOLD,CONDOMINIUM
908,563,78 L.A.D,2 Transactions,AMPANG,FREEHOLD,CONDOMINIUM
909,814,AMARIN WICKHAM,2 Transactions,AMPANG,FREEHOLD,CONDOMINIUM
910,486,CATALINA VILLA,2 Transactions,AMPANG,FREEHOLD,CONDOMINIUM
911,"1,148",MADGE MANSIONS,2 Transactions,AMPANG,FREEHOLD,CONDOMINIUM
912,"1,170",MADGE RESIDENCES,2 Transactions,AMPANG,FREEHOLD,CONDOMINIUM
913,54,PERUMAHAN AWAM JELATEK,2 Transactions,AMPANG,LEASEHOLD,FLAT
914,867,SENTRIO PANDAN,2 Transactions,AMPANG,LEASEHOLD,SERVICE RESIDENCE
915,534,VILLA AMAN,2 Transactions,AMPANG,FREEHOLD,CONDOMINIUM
916,186,TAMAN MASTIARA,2 Transactions,BATU CAVES,LEASEHOLD,FLAT
917,385,PEARL COURT,2 Transactions,BRICKFIELDS,FREEHOLD,APARTMENT
918,428,GREENFIELD APARTMENT,2 Transactions,BUKIT JALIL,FREEHOLD,APARTMENT
919,"1,008",INTAN KENNY,2 Transactions,BUKIT TUNKU,FREEHOLD,CONDOMINIUM
920,758,SRI TUNKU,2 Transactions,BUKIT TUNKU,FREEHOLD,CONDOMINIUM
921,242,DESA BANGSAWAN,2 Transactions,CHERAS,LEASEHOLD,APARTMENT
922,224,TAMAN MIHARJA,2 Transactions,CHERAS,FREEHOLD,"CONDOMINIUM, FLAT"
923,843,SPB TOWER,2 Transactions,DAMANSARA HEIGHTS,FREEHOLD,CONDOMINIUM
924,204,KB JINJANG UTARA,2 Transactions,JINJANG,LEASEHOLD,FLAT
925,476,ENAU COURT,2 Transactions,KERAMAT,FREEHOLD,CONDOMINIUM
926,364,JALAN ALOR,2 Transactions,KL CITY CENTRE,FREEHOLD,FLAT
927,156,JALAN BAIDURI,2 Transactions,KL CITY CENTRE,FREEHOLD,FLAT
928,437,JALAN BERANGAN,2 Transactions,KL CITY CENTRE,FREEHOLD,FLAT
929,88,JALAN PASAR BAHARU,2 Transactions,KL CITY CENTRE,FREEHOLD,FLAT
930,222,JALAN SAN PENG,2 Transactions,KL CITY CENTRE,LEASEHOLD,FLAT
931,260,JALAN TUN RAZAK / JALAN SEMARAK,2 Transactions,KL CITY CENTRE,FREEHOLD,FLAT
932,259,JALAN VIVEKANANDA,2 Transactions,KL CITY CENTRE,FREEHOLD,FLAT
933,250,KAWASAN JALAN BERANGAN (JALAN HICKS)/JALAN ALOR,2 Transactions,KL CITY CENTRE,FREEHOLD,FLAT
934,627,KOMPLEK NAGARIA (PLAZA BERJAYA),2 Transactions,KL CITY CENTRE,FREEHOLD,CONDOMINIUM
935,911,LEE GEE SIEW MANSION,2 Transactions,KL CITY CENTRE,FREEHOLD,APARTMENT
936,135,SRI BANDAR BESI,2 Transactions,KL CITY CENTRE,FREEHOLD,APARTMENT
937,316,TONG YIK MANSION,2 Transactions,KL CITY CENTRE,FREEHOLD,FLAT
938,355,WISMA KONG LEE,2 Transactions,KL CITY CENTRE,FREEHOLD,FLAT
939,114,WISMA SRI MUDA,2 Transactions,KL CITY CENTRE,LEASEHOLD,FLAT
940,776,RESIDENSI 22 MONT KIARA,2 Transactions,MONT KIARA,FREEHOLD,CONDOMINIUM
941,157,HAPPY GARDEN,2 Transactions,OLD KLANG ROAD,FREEHOLD,FLAT
942,202,HAPPY GARDEN TOWNHOUSE,2 Transactions,OLD KLANG ROAD,FREEHOLD,FLAT
943,357,MEADOW PARK 3,2 Transactions,OLD KLANG ROAD,FREEHOLD,CONDOMINIUM
944,731,SOUTHBANK RESIDENCE,2 Transactions,OLD KLANG ROAD,FREEHOLD,SERVICE RESIDENCE
945,54,PPR KAMPUNG LIMAU,2 Transactions,PANTAI,LEASEHOLD,FLAT
946,54,PPR PANTAI RIA,2 Transactions,PANTAI,LEASEHOLD,FLAT
947,51,PERUMAHAN AWAM SRI PERAK,2 Transactions,SENTUL,LEASEHOLD,FLAT
948,530,CASA ELITA,2 Transactions,SEPUTEH,FREEHOLD,CONDOMINIUM
949,429,IMPIAN DIATAS,2 Transactions,SEPUTEH,LEASEHOLD,CONDOMINIUM
950,"1,012",WISMA WESTCOURT,2 Transactions,SEPUTEH,FREEHOLD,SERVICE RESIDENCE
951,175,KELOMPOK KEDIDI,2 Transactions,SETIAWANGSA,LEASEHOLD,FLAT
952,635,PLAZA DAMAS,2 Transactions,SRI HARTAMAS,FREEHOLD,SERVICE RESIDENCE
953,547,WALDORF SERVICE APARTMENT,2 Transactions,SRI HARTAMAS,FREEHOLD,SERVICE RESIDENCE
954,"1,300",TTDI ASCENCIA,2 Transactions,TAMAN TUN DR ISMAIL,FREEHOLD,SERVICE RESIDENCE
955,975,9 MADGE,1 Transaction,AMPANG,FREEHOLD,CONDOMINIUM
956,924,THE MADGE,1 Transaction,AMPANG,FREEHOLD,CONDOMINIUM
957,514,KONDOMINIUM DUA MANJALARA,1 Transaction,BANDAR MENJALARA,LEASEHOLD,CONDOMINIUM
958,763,BANGSAR VILLA,1 Transaction,BANGSAR,FREEHOLD,CONDOMINIUM
959,489,IMPIAN EMAS CONDOMINIUM,1 Transaction,BANGSAR,FREEHOLD,CONDOMINIUM
960,256,JALAN BANGSAR,1 Transaction,BANGSAR,FREEHOLD,FLAT
961,418,LUCKY GARDEN (JALAN BANGSAR),1 Transaction,BANGSAR,FREEHOLD,FLAT
962,695,THE LOFT BANGSAR,1 Transaction,BANGSAR,FREEHOLD,CONDOMINIUM
963,450,PLATINUM LAKE PV20,1 Transaction,BATU,LEASEHOLD,CONDOMINIUM
964,331,KAWASAN JALAN TUN SAMBANTHAN (BRICKFIELDS),1 Transaction,BRICKFIELDS,FREEHOLD,APARTMENT
965,365,LORONG PADANG BELIA,1 Transaction,BRICKFIELDS,FREEHOLD,FLAT
966,108,RED MANSION,1 Transaction,BRICKFIELDS,FREEHOLD,FLAT
967,260,TAI KWONG MANSION,1 Transaction,BRICKFIELDS,FREEHOLD,FLAT
968,260,TONG LEE MANSION,1 Transaction,BRICKFIELDS,FREEHOLD,FLAT
969,297,TONG SOON MANSION,1 Transaction,BRICKFIELDS,FREEHOLD,FLAT
970,218,TONG WENG MANSION,1 Transaction,BRICKFIELDS,FREEHOLD,FLAT
971,273,KUCHAI BREM PARK,1 Transaction,BUKIT JALIL,LEASEHOLD,CONDOMINIUM
972,780,RESIDENSI JALIL IDAMAN @ TWIN ARKZ,1 Transaction,BUKIT JALIL,FREEHOLD,SERVICE RESIDENCE
973,568,SUTERA MAYA,1 Transaction,BUKIT JALIL,FREEHOLD,CONDOMINIUM
974,105,BUKIT SUPREME,1 Transaction,CHERAS,LEASEHOLD,APARTMENT
975,54,PPR DESA TUN RAZAK,1 Transaction,CHERAS,LEASEHOLD,FLAT
976,374,PUNCAK PRIMA-SRI HARTAMAS,1 Transaction,CHERAS,LEASEHOLD,APARTMENT
977,264,RUMAHPANGSA CHERAS,1 Transaction,CHERAS,LEASEHOLD,FLAT
978,158,TAMAN CHERAS UTAMA,1 Transaction,CHERAS,FREEHOLD,FLAT
979,200,TAMAN GEMILANG,1 Transaction,CHERAS,FREEHOLD,FLAT
980,265,TAMAN GEMILANG FLAT,1 Transaction,CHERAS,LEASEHOLD,FLAT
981,246,TAMAN MIDAH,1 Transaction,CHERAS,FREEHOLD,FLAT
982,398,WISMA ELIATHAMBY,1 Transaction,CHERAS,FREEHOLD,CONDOMINIUM
983,830,ADORA,1 Transaction,DESA PARKCITY,FREEHOLD,CONDOMINIUM
984,123,PANGSARIA PETALING,1 Transaction,DESA PETALING,LEASEHOLD,APARTMENT
985,754,ICON RESIDENCE,1 Transaction,DUTAMAS,FREEHOLD,CONDOMINIUM
986,308,KAMPUNG HJ.ABDULLAH HUKUM,1 Transaction,JALAN IPOH,FREEHOLD,CONDOMINIUM
987,148,PANGSAPURI INTAN,1 Transaction,JALAN IPOH,FREEHOLD,APARTMENT
988,788,SENI MONT KIARA,1 Transaction,JINJANG,FREEHOLD,CONDOMINIUM
989,280,SHAMELIN BESTARI,1 Transaction,JINJANG,LEASEHOLD,CONDOMINIUM
990,170,TAMAN AMAN PUTRA,1 Transaction,JINJANG,LEASEHOLD,CONDOMINIUM
991,535,TAMAN BUKIT MALURI,1 Transaction,KEPONG,LEASEHOLD,FLAT
992,422,TAMAN USAHAWAN KEPONG,1 Transaction,KEPONG,LEASEHOLD,SERVICE RESIDENCE
993,"1,395",BEKAY COURT,1 Transaction,KERAMAT,FREEHOLD,CONDOMINIUM
994,556,THREE DAMAI,1 Transaction,KERAMAT,LEASEHOLD,APARTMENT
995,"1,480",6 KIA PENG,1 Transaction,KL CITY CENTRE,FREEHOLD,SERVICE RESIDENCE
996,351,CHOO CHENG KHAY FLAT,1 Transaction,KL CITY CENTRE,FREEHOLD,APARTMENT
997,625,CITY PARK APARTMENT,1 Transaction,KL CITY CENTRE,FREEHOLD,APARTMENT
998,"9,833",CRIMSON COURT,1 Transaction,KL CITY CENTRE,FREEHOLD,CONDOMINIUM
999,208,FLAT PKNS JALAN RJ MUDA MUSA,1 Transaction,KL CITY CENTRE,LEASEHOLD,FLAT
1000,476,JALAN BARAT,1 Transaction,KL CITY CENTRE,FREEHOLD,FLAT
1001,200,JALAN GALLOWAY,1 Transaction,KL CITY CENTRE,FREEHOLD,FLAT
1002,201,JALAN GELANG,1 Transaction,KL CITY CENTRE,FREEHOLD,FLAT
1003,273,JALAN SARAWAK,1 Transaction,KL CITY CENTRE,FREEHOLD,FLAT
1004,163,JALAN SULTAN SULAIMAN SATU,1 Transaction,KL CITY CENTRE,FREEHOLD,FLAT
1005,6,JALAN TONG SHIN,1 Transaction,KL CITY CENTRE,FREEHOLD,FLAT
1006,223,JUBILEE COURT,1 Transaction,KL CITY CENTRE,LEASEHOLD,FLAT
1007,867,KENNY HILLS RESIDENCE,1 Transaction,KL CITY CENTRE,FREEHOLD,CONDOMINIUM
1008,"1,231",KL TRILLION,1 Transaction,KL CITY CENTRE,FREEHOLD,SERVICE RESIDENCE
1009,237,MEDAN IMBI,1 Transaction,KL CITY CENTRE,FREEHOLD,FLAT
1010,73,MUN NANG MANSION,1 Transaction,KL CITY CENTRE,FREEHOLD,FLAT
1011,77,PAK CHAN MANSION,1 Transaction,KL CITY CENTRE,FREEHOLD,FLAT
1012,550,PALAS CONDOMINIUM,1 Transaction,KL CITY CENTRE,FREEHOLD,CONDOMINIUM
1013,"1,300",SRI SE-EKAR CONDO,1 Transaction,KL CITY CENTRE,FREEHOLD,CONDOMINIUM
1014,199,TAMAN SUNGAI BESI (LOW COST FLAT),1 Transaction,KL CITY CENTRE,LEASEHOLD,FLAT
1015,177,TAMAN TAIPING,1 Transaction,KL CITY CENTRE,FREEHOLD,FLAT
1016,"1,749",THE RUMA HOTEL & RESIDENCES,1 Transaction,KL CITY CENTRE,FREEHOLD,SERVICE RESIDENCE
1017,451,VILLA INAI,1 Transaction,KL CITY CENTRE,FREEHOLD,CONDOMINIUM
1018,384,WISMA BEE CHAI,1 Transaction,KL CITY CENTRE,FREEHOLD,FLAT
1019,299,WOODLANDS APART,1 Transaction,KL CITY CENTRE,FREEHOLD,APARTMENT
1020,256,JALAN KHOO TEIK EE,1 Transaction,KUCHAI LAMA,LEASEHOLD,FLAT
1021,518,THE HORIZON RESIDENCES,1 Transaction,KUCHAI LAMA,FREEHOLD,SERVICE RESIDENCE
1022,719,MON'T KIARA AMAN,1 Transaction,MONT KIARA,FREEHOLD,CONDOMINIUM
1023,314,SRI RAKYAT APARTMENT,1 Transaction,OLD KLANG ROAD,FREEHOLD,FLAT
1024,988,VERVE SUITES KL SOUTH,1 Transaction,OLD KLANG ROAD,FREEHOLD,SERVICE RESIDENCE
1025,200,PANTAI DALAM KAMPUNG KERINCHI,1 Transaction,PANTAI,LEASEHOLD,FLAT
1026,634,THE LEAFZ @ DEDAUN SUNGAI BESI,1 Transaction,SALAK SOUTH,FREEHOLD,SERVICE RESIDENCE
1027,520,KIARA 3,1 Transaction,SEGAMBUT,FREEHOLD,CONDOMINIUM
1028,305,APARTMEN SENTUL,1 Transaction,SENTUL,FREEHOLD,APARTMENT
1029,200,JALAN PERHENTIAN,1 Transaction,SENTUL,FREEHOLD,FLAT
1030,91,JALAN UNION SENTUL,1 Transaction,SENTUL,FREEHOLD,FLAT
1031,236,KAWASAN SENTUL,1 Transaction,SENTUL,FREEHOLD,FLAT
1032,229,PANGSAPURI SRI SENTUL,1 Transaction,SENTUL,FREEHOLD,FLAT
1033,54,PERUMAHAN AWAM SERI KELANTAN,1 Transaction,SENTUL,FREEHOLD,FLAT
1034,250,PERUMAHAN SENTUL UTARA,1 Transaction,SENTUL,LEASEHOLD,FLAT
1035,193,SENTUL UNION,1 Transaction,SENTUL,FREEHOLD,FLAT
1036,581,SENTUL VILLAGE,1 Transaction,SENTUL,FREEHOLD,SERVICE RESIDENCE
1037,104,FAIRVIEW MANSION,1 Transaction,SEPUTEH,FREEHOLD,APARTMENT
1038,155,GOMBAK FLAT,1 Transaction,SETAPAK,FREEHOLD,FLAT
1039,118,KERAMAT JAYA,1 Transaction,SETAPAK,FREEHOLD,FLAT
1040,511,MENARA PELANGI,1 Transaction,SETAPAK,FREEHOLD,APARTMENT
1041,682,SEASONS GARDEN,1 Transaction,SETAPAK,LEASEHOLD,SERVICE RESIDENCE
1042,170,TAMAN DANAU KOTA,1 Transaction,SETAPAK,LEASEHOLD,APARTMENT
1043,411,"TAMAN DANAU KOTA, PARCEL A5@PV21",1 Transaction,SETAPAK,LEASEHOLD,SERVICE RESIDENCE
1044,465,THE PARC TOWER,1 Transaction,SETAPAK,LEASEHOLD,CONDOMINIUM
1045,289,PUTERI APARTMENT,1 Transaction,SETIAWANGSA,FREEHOLD,APARTMENT
1046,277,FABER PLAZA,1 Transaction,TAMAN DESA,FREEHOLD,FLAT
1047,811,PAPILLON DESA HILL,1 Transaction,TAMAN DESA,FREEHOLD,CONDOMINIUM
1048,327,KIARA GREEN,1 Transaction,TAMAN TUN DR ISMAIL,FREEHOLD,CONDOMINIUM
1049,"1,727",JALAN TUN RAZAK,1 Transaction,TITIWANGSA,FREEHOLD,SERVICE RESIDENCE
1050,460,THE VISTANA CONDO,1 Transaction,TITIWANGSA,FREEHOLD,CONDOMINIUM
1051,337,BB WANGSA MAJU TOWNHOUSE,1 Transaction,WANGSA MAJU,LEASEHOLD,APARTMENT
