,Block,Complete,Developer,Maintenance,Name,TotalStoreys,TotalUnit,
0,11,2015,Akisama Group,0.18,OUG PARKLANE,33,4429,1
1,3,2011,Aston Villa,0.15,THE SCOTT GARDEN,3,1080,
2,4,2000,PPC Glomac Sdn. Bhd.,RM50/Month,SRI PENARA,17,2040,
3,3,2012,PPC Glomac Sdn. Bhd.,0.33,REGALIA SERVICE APARTMENT,17,1033,
4,4,2013,Bukit Kiara Properties,RM0.33psf,VERVE SUITES,37,933,
5,4,2014,Trinity Group Sdn Bhd,RM0.20psf,THE Z RESIDENCE,27,1136,
6,26,2009,Sunrise,RM0.35psf,SOLARIS DUTAMAS,21,2200,
7,NIL,1989,NA,30/month,TAMAN MELATI,NIL,NIL,
8,NA,1985,NA,30/month,WANGSA MAJU SEKSYEN 2,NIL,NA,
9,4,2010,Amatir Resources,RM0.25psf,SENI MONT KIARA,40,605,
10,NA,2001,NA,RM50/month,BANDAR TASIK SELATAN FLAT,NA,NA,
11,9,2004,Setapak Heights Development,RM0.16psf,VILLA WANGSAMAS CONDO,20,1317,
12,4,2007,ROYAL DOMAIN SRI PUTRAMAS 2,RM0.20psf,ROYAL DOMAIN SRI PUTRAMAS 2,36,1022,
13,2,2015,See Hoy Chan Sdn Bhd Group,RM0.26psf,SERINGIN RESIDENCES,24,542,
14,3,2013,YTL Land & Development,RM0.30psf,MIDFIELDS,13,1058,
15,5,1996,Zaeweah Sdn Bhd,0.09,TAMAN SRI MURNI APARTMENT,17,612,
16,14,2010,YTL Land & Development,180/month,BUKIT OUG,13,1700,
17,3,2013,Kelang Lama Sdn Bhd (a subsidiary of Chin Hin Group),RM0.18psf,GEMBIRA RESIDEN,24,467,
18,NA,NA,NA,RM0.18psf,WANGSA MAJU SEKSYEN 1,24,NA,
19,3,2015,Exsim Development,RM0.25psf,THE LEAFZ @ DEDAUN SUNGAI BESI,24,643,
20,4,NA,Magna Prima Sdn Bhd,RM60/month,MUTIARA MAGNA,15,NIL,
21,2,2014,UOA Development Bhd. ,RM0.22psf,LE YUAN RESIDENCE,NIL,670,
22,3,2013,Brem Holding Berhad,RM0.16psf,VILLA ORKID,18,412,
23,5,2004,Mayland,RM0.20psf,SRI PUTRAMAS,18,654,
24,2,2009,Ireka Development Management (Ireka Corp),RM0.30psf,TIFFANI KIARA,NIL,399,
25,2,2008,Platinum Victory Group Sdn. Bhd.,230/month,PLATINUM LAKE PV13,24,NIL,
26,2,2005,Chong Lian Enterprise Sdn Bhd,0.06,GREENVIEW APARTMENT,6,1134,
27,6,2001,Berjaya Land (a subsidiary of Berjaya Group),RM0.11psf,ARENA GREEN,11,1240,
28,4,2010,Mahajaya Berhad,RM0.13psf,KETUMBAR HEIGHTS,14,838,
29,3,2003,Ho Hup Group,39/month,SRI RAKYAT,14,1098,
30,NA,NA,NA,RM0.13psf,DANAU KOTA FLAT,14,NA,
31,3,2012,Kepong Development,0.06,LAMAN DAMAI (LI GARDEN),14,NA,
32,NIL,NA,NA,NIL,TAMAN PUSAT KEPONG,NIL,NIL,
33,5,1994,Abadi Man Nien Sdn Bhd,178/month,ABADI INDAH APARTMENT,12,754,
34,3,2014,Kiara Resources Properties (a JV between Aston Villa & YAKIN),0.25,KIARA RESIDENCE,13,720,
35,3,2005,Salak Park Development (Mahajaya),RM0.15psf,AMADESA,18,715,
36,3,2016, UOA Group,0.22,DESA GREEN,18,1388,
37,NA,1988,NA,RM0.15psf,TAMAN BUKIT ANGKASA,18,NA,
38,3,2013,Monoland,RM0.35psf,VIPOD SUITES,39,418,
39,,2000,ASM Development Sdn Bhd (Maju Holding),111/month,TASIK HEIGHTS,9,1053,
40,3,2012,E&O Property Development,0.55,ST.MARY RESIDENSI,28,657,
41,6,1995,Immetec Sdn Bhd,90/monyh,GENTING COURT,15,972,
42,2,2007,Beverly Tower Development,RM0.35psf,MARC SERVICE RESIDENCE,35,637,
43,1,2013,Monoland,RM0.30psf,MENARA SOHO,35,45,
44,NIL,2013,Platinum Victory Group Sdn. Bhd.,0.15,PLATINUM HILL PV2,NIL,700,
45,1,2013,Perdana Parkcity Sdn. Bhd.,0.22,THE WESTSIDE ONE,40,338,
46,1,2003,UMLand,RM0.35psf,SERI BUKIT CEYLON,18,96,
47,3,NA,Soon Tiek Development,RM194/month,ENDAH RIA,20,752,
48,3,2011,Monoland,0.28,TITIWANGSA SENTRAL CONDO,38,680,
49,4,2015,Danau Lumayan,0.3,SUASANA LUMAYAN,24,900,
50,NA,NA,,NIL,BANDAR BARU WANGSA MAJU,NIL,NA,
51,3,2008,Asia Quest Holdings,0.25,KIARAMAS AYURIA CONDO,28,480,
52,4,2009,Plenitude Group,0.2,CHANGKAT VIEW CONDOMINIUM,26,796,
53,3,25,Connaught Heights Sdn Bhd,0.18,ANGKASA,25,600,
54,2,2010,Billion Horizon (a JV between CP and Damakmur),0.15,CASA IDAMAN,18,608,
55,3,2002,UOA Group,0.17,PRIMA SETAPAK,18,768,
56,2,2013,Mayland ,0.33,SRI PUTRAMAS III (ROYAL REGENT),18,654,
57,3,NA,TSI Group Malaysia,0.15,D' ALAMANDA,35,600,
58,4,2005,Berjaya Group,0.15,PETALING INDAH,9,672,
59,2,2015,UEM Sunrise Bhd,0.5,MERCU SUMMER SUITES,34,879,
60,NA,NA,NA,NIL,PANGSAPURI BANDAR BARU SENTUL,NA,NA,
61,1,2014,Platinum Victory Group,RM0.15psf,PLATINUM LAKE PV20,25,800,
62,2,2007,Connaught Heights Sdn Bhd (a subsidiary of Bonia Corporation),RM151/month,PUNCAK BANYAN,20,NIL,
63,5,1993,,,TERATAI MEWAH BLOCK 15171921,5,400,
64,2,2010,HR Utama (a subsidiary of HR United Group),RM0.20psf,KINRARA MAS,18,569,
65,NIL,NA,NA,NIL,TAMAN SRI KUCHING,NIL,NIL,
66,2,2012,UEM Sunrise,RM0.22psf,28 MONT KIARA,40,460,
67,1,2014,UOA Ddevelopment Bhd,0.16,SETAPAK GREEN CONDOMINIUM,26,445,
68,NA,NA,UEM Sunrise,RM0.22psf,BUKIT PANDAN,40,NA,
69,4,NA,NA,NIL,CHERAS RIA,12,NIL,
70,4,2013,Vista Flame,RM0.25psf,TIARA MUTIARA,28,423,
71,NIL,2008,Platinum Victory Group Sdn. Bhd.,RM280/month,PLATINUM LAKE PV10,22,800,
72,2,2008,Platinum Victory Group Sdn. Bhd.,RM0.12psf,PLATINUM LAKE PV12,26,680,
73,2,2013,Platinum Victory Group Sdn. Bhd.,RM0.15psf,PLATINUM LAKE PV16,25,NIL,
74,NA,NA,NA,RM0.15psf,TERATAK MUHIBBAH,NA,NA,
75,3,2008,BioFord Development,RM0.18psf,PUTRA MAJESTIK,26,NIL,
76,2,2013,OCR Land Holdings Sdn. Bhd.,RM0.22psf,RESIDENCE 8,23,308,
77,NA,NA,NA,NA,SENTUL MURNI,NA,NA,
78,1,2007,Mayland,0.35,WINSOR TOWER,28,446,
79,5,NA,NA,RM0.15psf,MENARA MENJALARA,16,NIL,
80,1,2008,Ireka Development,RM0.34psf,I-ZEN KIARA I,35,302,
81,5,2008,Binaderas (together with Capitaland Financial and OCBC Bank),RM0.40psf,KIARA VILLE,18,404,
82,4,2008,YTL Land & Development,RM0.33psf,THE SAFFRON,24,467,
83,1,2007,Sunrise,0.25,KIARA DESIGNER,29,324,
84,3,1994,Amber Resources,0.16,SERI MAS,18,288,
85,5,2003,,60/month,AMAN PUTRA APARTMENT,9,900,
86,2,2009,Zelan (a subsidiary of Tronoh Consolidated),RM0.35psf,HAMPSHIRE RESIDENCES,33,388,
87,NA,2006,Mayland,RM0.35psf,PARKVIEW SERVICE APARTMENT,33,322,
88,4,2009,Sentul Murni Sdn Bhd ,0.15,SENTUL UTAMA,13,960,
89,NA,1997,NA,0.2,ANJUNG HIJAU (GREENFIELD),18,600,
90,2,2004,DwiTasik Sdn Bhd,160/month,CENGAL,18,790,
91,NIL,1998,Titijaya Land Berhad,NIL,TAMAN BUKIT CHERAS,2,NIL,
92,2,2010,Paranero Sdn Bhd ,0.4,TWINS@ DAMANSARA HEIGHTS,2,318,
93,NIL,NA,YTL Land & Development,RM0.21psf,PANTAI HILLPARK 2,5,747,
94,NIL,NA,NA,NIL,TAMAN SRI ENDAH,NIL,NIL,
95,2,NA,Aik Bee Timbers,RM0.12psf,VISTA MUTIARA,22,500,
96,1,2007,Mayland,150/month,MAY TOWER SERVICE APARTMENT,22,537,
97,NIL,NA,NA,NIL,TAMAN SUNGAI BESI,NIL,NIL,
98,NIL,2002,Medan Idaman,RM145/month,IDAMAN SUTERA,21,744,
99,4,2009,Sri Melinger,0.17,AVELON TOWER @ PLAZA MEDAN PUTRA,22,500,
100,6,NA,Bukit Jalil Development (a subsidiary of Ho Hup Construction Company),RM120/month,JALIL DAMAI,15,930,
101,1,2013,UOA Group,0.77,INVITO (ONE @ BUKIT CEYLON),NA,354,
102,2,2005,Sunrise,RM0.22psf,MONT KIARA AMAN,27,345,
103,3,1994,Suajaya Mahir (M) Sdn Bhd,0.16,SRI SUAJAYA KONDO,18,500,
104,10,2012,Sunrise,0.21,RIANA GREEN EAST KL,36,1065,
105,3,2007,Sem Siong Industries,RM0.20psf,RIVERCITY CONDOMINIUM,12,572,
106,2,2008,MRCB,0.3,SUASANA SENTRAL LOFT CONDO,37,600,
107,4,2011,SP Setia,0.45,SETIA SKY RESIDENCE,40,811,
108,2,2005,Nikmat Kuasa,RM0.20psf,LA GRANDE KIARA,20,298,
109,3,NA,Soon Tiek Development (a subsidiary of PJ Development Holdings),RM210/month,ENDAH REGAL,19,486,
110,NA,NA,NA,60/month,TAMAN MIHARJA FASA 1,NA,NA,
111,3,2004,Magna Prima Berhad,RM0.15psf,VISTA MAGNA,16,396,
112,3,1993,Sunrise,NIL,MONT KIARA PINES,35,508,
113,4,NA,Soon Tiek Development (a subsidiary of PJ Development Holdings),RM0.13psf,ENDAH VILLA,17,292,
114,NIL,2003,Berjaya Group,NIL,BERJAYA TIMES SQUARE,35,1200,
115,NIL,2010,Akisama Properties & Construction,RM0.13psf,KUCHAI AVENUE,24,650,
116,2,2013,MKH Berhad,NIL,SAVILLE @ MELAWATI,23,420,
117,NIL,NA,NA,NIL,TAMAN INTAN BAIDURI,NIL,NIL,
118,NA,2002,NA,45/month,CEMARA,NIL,1632,
119,2,2008,Akisama,0.15,DYNASTY GARDEN CONDOMINIUM,20,600,
120,2,2013,Malton Berhad,0.28,AMAYA MALURI,15,423,
121,4,NA,NA,100/month,DESA SRI PUTERI,17,NA,
122,NIL,NA,NA,RM80/month,RAMPAI COURT,4,192,
123,2,2014,ECS Group,RM0.18psf,PANORAMA RESIDENCES,17,435,
124,2,NA,Mahajaya,RM0.20psf,KETUMBAR HILL,16,543,
125,2,2007,Kota Mulia Sdn Bhd (a subsidiary of PJ Development Holdings),RM0.23psf,HARTAMAS REGENCY 2,13,210,
126,1,2013,Asian Pac Holdings Berhad,RM165/month,FORTUNE AVENUE,8,825,
127,2,2011, Superville (PJ Developments Holdings),RM165/month,SWISS GARDEN HOTEL,37,436,
128,1,2004,Sunrise,RM0.30psf,MONT KIARA DAMAI,40,230,
129,2,2008,Puncak Kencana (a subsidiary of Mutiara Goodyear Development),RM0.33psf,MUTIARA UPPER EAST,23,294,
130,2,2008,Danau Lumayan,RM150/month,THE LUMAYAN,15,NIL,
131,5,1991,NA,0.12,DE TROPICANA,16,578,
132,4,2009,Sri Melinger,0.17,BEVERLY TOWER @ PLAZA MEDAN PUTRA,22,500,
133,1,2010,Sunway Integrated Properties Sdn. Bhd.,0.4,PALAZZIO SUNWAY,40,160,
134,2,2014,Berjaya Group,0.3,KM1 WEST,16,528,
135,6,NA,NA,RM30/month,PERMATA FADASON,16,NIL,
136,5,2011,Sunrise,RM0.22psf,11 MONT KIARA,43,339,
137,1,2013,KP Property,0.15,RESIDENSI 222,28,222,
138,2,2011,PJD GROUP,RM0.16psf,ENDAH PROMENADE,6,402,
139,2,2008,Berjaya Group,0.2,SAVANNA,6,408,
140,NA,NA,NA,NA,AC4,NA,NA,
141,2,2001,Talam Transorm Berhad,0.14,MEADOW PARK,14,366,
142,2,2012,Berjaya Land Bhd,RM0.27psf,COVILLEA,20,308,
143,NA,NA,NA,NA,SURIAN WANGI,NA,NA,
144,2,2015,YTL Land & Development,RM0.45psf,THE CAPERS,40,338,
145,2,2012,Platinum Victory Group Sdn. Bhd.,RM0.22psf,PLATINUM LAKE PV15,24,23,
146,NA,NA,NA,NA,AMBASSY BUSSINESS PARK,NA,NA,
147,3,1998,NA,200/moth,VISTA KOMANWEL A,24,340,
148,3,1998,NA,200/moth,VISTA KOMANWEL C,24,340,
149,NA,NA,NA,NA,DESA PETALING,NA,NA,
150,3,2014,Kiara Resources Properties (a JV between Aston Villa & YAKIN),RM0.25psf,KIARA RESIDENCE 2,13,720,
151,1,2014,Kerjaya Prospek Group ,RM0.18psf,288 RESIDENCY,29,288,
152,NIL,NA,NA,RM76/month,DESA TUN RAZAK,22,NIL,
153,1,2008,Tan & Tan,0.4,CENDANA,42,152,
154,1,2009,Evolusi Bina (a subsidiary of SM Land Group),RM0.25psf,PERTAMA RESIDENCY,19,312,
155,6,1996,NA,RM0.18psf,PRISMA CHERAS,11,NIL,
156,NA,NA,Bertam Development,0.15,KUCHAI BREM PARK,8,434,
157,7,1980,EXSIM DEVELOPMENT SDN BHD,RM0.30psf,THE TREEZ JALIL RESIDENCE,135,NIL,
158,NIL,NA,NA,NIL,TAMAN DESA CHERAS,NIL,NIL,
159,2,2007,Eastern & Oriental Berhad,RM0.40psf,DUA RESIDENCY,20,288,
160,2,NA,NA,NIL,KENANGA POINT,29,NIL,
161,2,2013,Asia Quest Group,RM0.24psf,KIARAMAS DANAI,34,274,
162,5,1996,Amcorp Properties Berhad,RM0.35psf,PANTAI PANORAMA,18,708,
163,2,NA,NA,NIL,MENARA ALPHA,20,NIL,
164,4,NA,NA,NIL,DESA SRI PUTERI B,17,NA,
165,4,2008,Salak Park Development (a subsidiary of Mahajaya Group) in conjunction with Dewan Bandaraya Kuala Lumpur (DBKL),RM0.14psf,PANGSARIA,10,358,
166,2,2003,Syarikat Perumahan Negara Berhad,RM0.18psf,PELANGI INDAH,25,580,
167,3,2010,Syarikat Perumahan Negara Berhad,0.4,CENTRIO PANTAI HILL PARK,25,238,
168,4,NA,Mudajaya Group,RM0.17psf,VILLA ANGSANA,18,756,
169,NA,NA,Na,NA,WANGSA MAJU SEKSYEN 4,NA,NA,
170,2,2013,Danau Lumayan,RM0.20psf,ASTANA LUMAYAN,18,250,
171,NA,NA,NA,NA,TAMAN MIHARJA FASA 2,NA,NA,
172,2,2009,Urusharta Cemerlang,RM0.55psf,PAVILION RESIDENCES,50,368,
173,1,2005,Ireka Development,RM0.30psf,I-ZEN KIARA II,35,238,
174,2,2002,MRCB,RM0.30psf,SUASANA SENTRAL,38,400,
175,3,NA,NA,NIL,PANGSAPURI MAWAR,23,NIL,
176,NIL,2010,Platinum Victory Group Sdn. Bhd.,RM0.12psf,PLATINUM HILL PV8,NIL,600,
177,2,2012,Amber Resource,0.15,PUTRA SURIA RESIDENSI,16,508,
178,NIL,2011,Malton Berhad,0.55,THE PEARL,41,179,
179,3,1998,NA,200/month,VISTA KOMANWEL B,24,340,
180,1,2010,Desa Kipcity (a subsidiary of Perdana Parkcity),NIL,THE NORTHSHORE GARDENS,40,274,
181,NA,NA,NA,NIL,PERUMAHAN RAKYAT PANTAI PERMAI,NA,NA,
182,3,NA,NA,RM0.12psf,SRI PELANGI,14,672,
183,NA,NA,NA,NA,DESA TASEK FASA 1A,NA,NA,
184,3,2005,Danau Lumayan,RM0.16psf,VISTA AMANI,18,NIL,
185,4,NA,Shayher Development Sdn Bhd.,0.13,SETAPAK RIA,18,576,
186,4,1999,PPC Glomac Sdn. Bhd.,RM165/month,BAYU TASIK 1,15,690,
187,3,1998,PPC Glomac Sdn. Bhd.,RM0.17psf,BAYU TASIK 2,21,640,
188,2,2015,IGB Corporation Berhad,0.3,G RESIDENCE,23,474,
189,1,NA,UDA Holdings,0.25,ANGKASA IMPIAN,31,252,
190,8,1989,NA,0.1,VISTA ANGKASA APARTMENT,14,504,
191,2,2006,YTL Land & Development Bhd,RM0.39psf,THE MAPLE,30,318,
192,NA,2015,NA,145/month,LESTARI,NA,NA,
193,1,2006,Meda Inc,0.35,SEMANTAN AVENUE,NA,NA,
194,10,NA,NA,NIL,TAMAN JINJANG BARU,5,NIL,
195,1,2002,Sunrise,RM0.33psf,MONT KIARA BAYU,42,398,
196,1,2009,Ascot Assets (a subsidiary of Sunrise),RM0.33psf,MONT KIARA MERIDIN,31,228,
197,NA,NA,NA,NA,PANGSAPURI BANDARAYA GOMBAK,NA,NA,
198,NA,NA,NA,NA,WANGSA MAJU SEKSYEN 10,NA,NA,
199,2,NA,NA,RM0.16psf,PRISMA PERDANA,13,208,
200,NA,NA,NA,RM0.16psf,WARISAN CITY VIEW,13,NA,
201,2,2005,Bandar Raya Development Berhad (BRDB),RM0.30psf,THE CAPSQUARE RESIDENCES,36,180,
202,NA,NA,NA,NA,MENARA WARISAN (THE HERITAGE),NA,NA,
203,1,2010,UDA Holdings Berhad,RM0.33psf,GAYA BANGSAR,34,285,
204,1,2014,UOA Group,0.34,CAMELLIA SERVICED SUITES,34,720,
205,2,2009,Kar Sin (a subsidiary of YNH Property),RM0.30psf,CERIAAN KIARA,26,238,
206,2,2009,APL Development (a subsidiary of AP Land),0.4,MY HABITAT,38,373,
207,2,2011,NA,RM0.22psf,VILLA PUTRA,27,NIL,
208,NA,2000,Maxrise (M) (a subsidiary of Metroplex),0.15,GREEN PARK,16,320,
209,2,NA,NA,RM100/month,MENARA ORKID,20,780,
210,4,2006,YTL Land & Development,RM0.30psf,THE TAMARIND,31,498,
211,3,2000,Faber Union Bhd,RM160/month,DANAU IDAMAN,22,659,
212,3,2005,Peluang Mutiara,300/month,WANGSA METROVIEW,20,NIL,
213,2,2002,Mampu Jaya,0.19,GURNEY HEIGHT,23,NA,
214,2,2014,Sigma One Builders,0.22,288 RESIDENCES,24,288,
215,4,2000,Mayland,RM0.28psf,PUNCAK PRIMA,15,348,
216,2,2005,Faber Group,NIL,DANAU MURNI,18,500,
217,1,1995,NA,RM150/month,PANDAN HEIGHT,18,184,
218,NA,NA,NA,RM150/month,SEGAR APARTMENT,20,NA,
219,NA,4,Mahajaya Group,0.18,WINNER HEIGHTS (TAMAN DESA PETALING),18,427,
220,4,2012,TSI Domain,0.22,RESIDENSI UNGGUL/ FIRST RESIDENCE,NA,474,
221,NA,2008,Goldhill Group,0.4,MENARA BINTANG GOLDHILL,18,176,
222,2,2010,Asia Quest Holdings,RM0.25psf,GATEWAY KIARAMAS,30,336,
223,4,2007,Sapphire Empire,RM0.18psf,SRI JATI II,18,454,
224,NA,NA,NA,NA,PRIMA PELANGI,NA,NA,
225,NIL,2014,Glomac,NIL,GLOMAC DAMANSARA,25,NIL,
226,1,2005,Tan & Tan Developments Berhad ,RM0.40psf,DESA DAMANSARA,NIL,NIL,
227,2,2011,Promatik Emas (JV between UOL group & General Corporation),0.45,THE PANORAMA,33,223,
228,NA,NA,NA,NA,DESA PANTAI FLAT,NIL,NA,
229,6,1994,NA,60/month,IRIS APARTMENT,12,NIL,
230,3,1996,BRDB,RM0.32psf,SRI PENAGA,24,304,
231,3,1998,Crystal Aim (a subsidiary of Siah Brothers Construction),RM0.15psf,SRI INTAN 1,25,NIL,
232,2,2000,Sunrise,RM0.22psf,MONT KIARA ASTANA,27,281,
233,1,2003,Mayland,RM0.35psf,DORCHESTER,10,300,
234,31,1994,Uncang Emas Sdn Bhd,RM60/month,MIHARJA CONDOMINIUM,10,600,
235,1,2015,Perdana ParkCity Sdn Bhd,NIL,THE WESTSIDE TWO,41,338,
236,NIL,NA,NA,NIL,MUTIARA FADASON,18,1080,
237,1,NA,NA,NIL,FORTUNE COURT,5,35,
238,NA,NA,NA,NIL,UNITED GARDEN (TAMAN LEE YAN LIAN),5,NA,
239,2,2010,Almaharta Sdn Bhd,RM0.20psf,SURIA JELATEK RESIDENCE,21,340,
240,NA,NA,NA,60/moth,SEGAR RIA,NA,NA,
241,NIL,NA,NA,RM0.16psf,SRI LATA,18,2,
242,3,NA,NA,NA,SRI JINJANG,10,NA,
243,3,NA,NA,RM45/month,HAPPY GARDEN FLAT,4,NIL,
244,NA,NA,NA,NA,PINANG 1C,5,NA,
245,NA,NA,NA,NA,VILLA PANTAI,NA,NA,
246,NA,1997,NA,117/month,DESA VIEW TOWER,14,NA,
247,8,2007,Actaprop,RM0.22psf,DESA KIARA,NIL,NIL,
248,NA,NA,NA,NA,TAMAN DESA TASEK,NIL,NA,
249,2,2013,UOA Group,RM0.22psf,THE PARK RESIDENCE,NIL,470,
250,2,NA,IJM Land,0.25,MANDA'RINA COURT,15,291,
251,1,2005,Kota Mulia Sdn Bhd (a subsidiary of PJ Development Holdings),0.25,HARTAMAS REGENCY,11,244,
252,1,2008,TA Global,RM0.35psf,IDAMAN RESIDENCE,34,250,
253,1,1997,UDA Holdings,RM0.18psf,MENARA CITY ONE,30,502,
254,NA,NA,UDA Holdings,RM0.18psf,PALACE COURT (SRI ISTANA),30,NA,
255,2,1996,Faber Development Holdings (a subsidiary of Faber Group),RM0.20psf,DANAU PERMAI,17,512,
256,3,1997,NA,60/month,PUTRA RIA,22,660,
257,2,NA,HS Liao Sdn Bhd,RM0.15psf,SRI INTAN 2,25,NIL,
258,1,2013,UOA Development Bhd. ,RM0.40psf,BINJAI 8,40,310,
259,3,2010,BRDB,0.5,THE TROIKA KLCC,55,229,
260,2,1994,Sunrise,RM0.25psf,MONT KIARA PALMA,36,402,
261,2,1997,Sunrise,RM0.41psf,MONT KIARA SOPHIA,14,203,
262,NIL,1991,YTL Land & Development,RM0.18psf,PANTAI HILLPARK 1,16,234,
263,2,2007,Haluan Mulia,160/month,PUTRA VILLA KONDOMINIUM,NIL,416,
264,1,2014,IJM Land,RM0.35psf,ALTITUDE 236,36,236,
265,NA,1985,NA,RM75/month ,BUSTAN SHAMELIN,5,NA,
266,3,1986,NA,100/month,BAIDURI BLOCK G,8,NA,
267,2,2011,Sentul Perdana (owned by CL Integrated Resources and Zalam Builders),300/month,1 SENTUL,23,284,
268,3,2005,Midah Heights Sdn Bhd (a subsidiary of UOA Group),RM0.20psf,PRIMA MIDAH HEIGHTS,25,246,
269,2,2006,Perdana ParkCity( a subsidiary of Samling Group),0.22,NADIA PARKFRONT,25,246,
270,1,NA,NA,RM0.20psf,MENARA MEGAH,17,NIL,
271,2,1997,NA,RM0.20psf,BISTARI BEGONIA / BISTARI LAVENDAR,40,NA,
272,2,2009,Sunrise,RM0.22psf,10 MONT KIARA,43,332,
273,2,2004,Asia Quest Holdings,RM0.20psf,KIARAMAS SUTERA,29,315,
274,NA,1993,NA,0.27,KIARA PARK CONDO,17,NA,
275,1,1987,NA,200/month,PALM COURT CONDOMINIUM,13,NA,
276,2,2015,Exsim Group of Companies,RM0.38psf,TWIN ARKZ,34,363,
277,3,1995,Natwest,0.2,AWANAPURI,15,348,
278,NA,NA,Amber Resources,0.17,SERI PUTERI,23,263,
279,3,1997,Radin Makmur (MBF Property),RM0.25psf,MENARA DUTA 1,19,341,
280,1,NA,NA,0.16,PEARL POINT,19,304,
281,NA,NA,NA,NA,HIJAU RIA APARTMENT,NA,NA,
282,2,2010,Tan & Tan Developments,0.35,157 HAMPSHIRE PLACE,30,186,
283,7,2008,Bukit Kiara Properties,RM0.35psf,HIJAUAN KIARA,29,188,
284,1,2008,Prisma Melody (a subsidiary of Mitraland Goup),RM0.26psf,KIARA 1888,26,182,
285,NA,1988,NA,0.2,O.G HEIGHTS,22,392,
286,3,2003,Sapphire Empire,RM0.17psf,SRI JATI I,19,NIL,
287,4,2006,Bintai Kinden Corporation,0.22,PANGSAPURI MELUR,21,800,
288,3,2006,Platinum Victory Group Sdn. Bhd.,RM156/month,PLATINUM HILL PV5,17,475,
289,NIL,NA,NA,NIL,TAMAN SETAPAK INDAH,NIL,NIL,
290,2,2012,Akisama Group,180/month,CONNAUGHT AVENUE,18,471,
291,NIL,NA,NA,NIL,WINNER COURT B,2,NIL,
292,1,2007,Dutamasa (See Hoy Chan Group),RM0.21psf,SUTRAMAS,11,178,
293,2,2007,Magna Park Sdn Bhd (a subsidiary company of Magna Prima Bhd),RM0.15psf,PLAZA METRO PRIMA,NIL,397,
294,1,NA,NA,RM0.32psf,VISTA DAMAI,33,NIL,
295,1,1995,Land General,0.3,VILLA PUTERI CONDO,41,NA,
296,3,1985,Faber Group,RM0.17psf,FABER RIA,16,402,
297,NIL,2008,Platinum Victory Group Sdn. Bhd.,NIL,PLATINUM HILL PV6,NIL,NIL,
298,5,NA,NA,170/month,TERATAI MEWAH CONDOMINIUM,5,400,
299,5,NA,BRDB,RM0.33psf,TIVOLI VILLAS,9,382,
300,1,2008,KL Landmark,0.5,K RESIDENCE (AVENUE K),50,188,
301,NA,2003,Monoland,0.3,QUADRO RESIDENCE,36,245,
302,1,NA,NA,NIL,SRI MUTIARA,11,NIL,
303,NIL,NA,NA,NIL,SALAK SOUTH GARDEN,NIL,NIL,
304,1,2011,UDA Holdings,RM0.28psf,SINARAN TTDI,30,249,
305,NIL,NA,NA,NIL,TAMAN BATU PERMAI,NIL,NIL,
306,3,1996,NA,200/month,BAM VILLAS,19,NA,
307,1,2011,Clearwater Developments (a subsidiary of Clearwater Group),0.5,CLEAR WATER RESIDENCE,18,108,
308,2,NA,Dwitasik with IJM as turnkey contractor,NIL,WIDURI IMPIAN,21,480,
309,4,2000,Bertam Development,RM0.20psf,PRIMA DUTA,15,348,
310,3,NA,A JV between Magna Prima & DBKL,RM0.17psf,CASA MAGNA,20,NIL,
311,2,1997,Asia Quest Holdings,RM0.20psf,VISTA KIARA,28,NIL,
312,1,2013,Vision Development Concept,RM0.25psf,RESIDENSI DESA,16,130,
313,NIL,NA,NA,NIL,TAMAN SRI SENTOSA,NIL,NIL,
314,4,2005,NA,NIL,MANDY VILLA,12,288,
315,3,NA,NA,RM0.22psf,ABADI VILLA,23,330,
316,7,2008,Faber Union (Faber Group),RM0.22psf,CASA DESA,NIL,410,
317,1,2012,Sycal Properties,0.2,CHERAS HEIGHTS (BUKIT CHERAS),17,300,
318,NA,NA,Salak Park Development,0.15,VANTAGE POINT (TAMAN DESA PETALING),14,300,
319,2,2006,Aliran Firasat (a subsidiary of Dijaya Corporation),0.25,CASA KIARA,2,223,
320,2,2010,ECH Development & Management,RM0.25psf,LUMINA KIARA,29,104,
321,NIL,NA,NA,NIL,TAMAN SRI SENTOSA,NIL,NIL,
322,3,1989,Faber Union,RM0.25psf,FABER HEIGHTS,19,370,
323,1,2006,Swasta Setia Holdings,RM0.30psf,THE ORION,36,202,
324,3,2006,Golden Quantum Acres (a JV between Landmarks Bhd and MCL Land),RM0.15psf,DESA PUTRA,19,436,
325,4,2009,Sri Melinger,0.17,MEDAN PUTRA,22,500,
326,4,NA,NA,RM0.16psf,CASA RIA,20,NIL,
327,1,NA,Goldhill,NIL,38 BIDARA,18,NIL,
328,7,NA,YTL Land & Development,RM0.25psf,PANTAI HILLPARK 5,14,NIL,
329,6,NA,NA,NIL,BUKIT MAS APARTMENT,5,NIL,
330,NA,NA,NA,NIL,DESA PAKAR FLAT,5,NA,
331,NA,NA,NA,NIL,SERI MALAYSIA,5,NA,
332,NA,NA,NA,NIL,DELIMA J,5,NA,
333,6,NA,NA,RM0.15psf,SRI DESA,10,160,
334,1,2009,Amisia (Sunway City),NIL,CASA KIARA II,37,206,
335,NA,NA,NA,NIL,WEST COURT (TAMAN SRI SENTOSA),NA,NA,
336,3,NA,Platinum Victory Group Sdn. Bhd.,NIL,PLATINUM HILL PV3,17,475,
337,6,2009,BRDB,RM0.45psf,ONE MENERUNG,28,229,
338,NA,2002,Dwitasik,0.1,VILLA LAMAN TASEK,4,386,
339,1,2008,JV Between Magna Park (a subsidiary of Magna Prima) & DBKL,RM0.17psf,CASA PRIMA,27,252,
340,14,1985,NA,RM0.17psf,PANGSA MURNI TITIWANGSA,5,150,
341,NIL,NA,Hotel Fair Lane (a subsidiary of Low Yat Group),RM0.35psf,BINTANG FAIRLANE RESIDENCES,26,256,
342,NIL,1993,Lum Chang,NIL,THE FORUM,16,1,
343,1,2011,HR Group,RM0.30psf,ASTON KIARA 3,22,160,
344,NA,NA,NA,NA,AVENUE APARTMENT,NA,NA,
345,2,2013,Home Flair Sdn Bhd,RM0.20psf,SUTERA MAYA,15,196,
346,1,2007,CRSC Group,0.15,PRIMA TIARA,20,160,
347,5,NA,NA,10/month,IDAMAN PUTRA,10,744,
348,1,2003,Mayland,RM0.30psf,MAYFAIR,10,265,
349,6,1998,Ribar Permai Development Sdn Bhd (RPDSB),RM0.20psf,PERMAI RIA,9,378,
350,4,NA,NA,RM0.20psf,PERTIWI INDAH,12,NIL,
351,NA,NA,NA,NA,FADASON,NA,NA,
352,NIL,NA,JV Between YTL Land & Development and DBKL,RM0.28psf,PANTAI HILLPARK 3,10,12,
353,6,NA,NA,RM0.12psf,NOVA 2,6,348,
354,6,NA,NA,NIL,WINNER COURT A,17,NIL,
355,1,2009,Beneton Properties,RM0.20psf,VIVA RESIDENCY,26,214,
356,3,1993,NA,RM0.18psf,THE PALLADIUM,9,320,
357,2,1994,Sunrise,RM0.30psf,MONT KIARA PELANGI,27,299,
358,2,1990,NA,RM150/month,AVANT COURT,12,NIL,
359,2,1998,Concord Link,RM0.13psf,DESA CINDAIMAS,20,296,
360,NA,NA,NA,NA,PANTAI INDAH FASA 2,NA,NA,
361,4,NA,NA,RM0.12psf,MAWAR SARI,15,480,
362,2,2006,PJD GROUP,0.2,ENDAH PURI CONDOMINIUM,18,292,
363,2,201,Mega Sakti,0.33,DESARINA CONDOMINIUM,12,100,
364,7,2017,Elegan Pesona Sdn Bhd (subsidiary of IJM Land),0.28,SERI RIANA,37,680,
365,2,NA,NA,300/month,VILLA LAGENDA,18,NIL,
366,2,NA,NA,RM205/month,GREEN AVENUE,16,390,
367,NIL,1980,NA,NIL,TAMAN CONNAUGHT,NIL,NIL,
368,NA,NA,NA,NIL,DESA PANDAN FLAT BLOCK B,NIL,NA,
369,NA,2014,Perdana ParkCity Sdn Bhd (a subsidiary of Samling Group),NIL,DESA PARK CITY (THE BREEZEWAY),NIL,206,
370,2,2006,Tan & Tan Developments,NIL,NORTHPOINT RESIDENCES,22,228,
371,1,2012,Berjaya Group,NIL,1 PETALING,15,250,
372,6,1994,NA,RM0.70psf,JAMNAH VIEW,23,69,
373,1,2011,UMLand,RM0.33psf,SUASANA BANGSAR,25,190,
374,2,2009,Juta Asia Properties,RM0.33psf,ZEHN BUKIT PANTAI,25,93,
375,NA,NA,NA,NA,TAMAN SRI MURNI,NA,NA,
376,2,NA,Juta Asia Properties,NA,SERI CENDEKIA,20,NA,
377,NA,NA,NA,NA,SRI SHAMELIN,NA,NA,
378,3,NA,Sunrise,RM0.30psf,MONT KIARA BANYAN,28,147,
379,2,1966,NA,RM0.15psf,BUKIT GEMBIRA,6,96,
380,1,NA,NA,NA,KELAB LE CHATEAU II,6,NA,
381,NIL,NA,United Overseas Australian Limited (UOA Group),RM0.17psf,PRIMA SETAPAK II,21,248,
382,6,NA,NA,NIL,INTAN APARTMENT,5,NIL,
383,5,1994,Amcorp Properties Berhad,RM0.28psf,DESA VILLA,16,339,
384,2,1995,NA,NA,VILLA FLORA (TTDI FASA 7),3,NA,
385,2,2013,Elite Forward (JV with L&G & Mayland),RM0.35psf,THE ELEMENTS,41,1040,
386,NIL,1993,Tan & Tan Developments,RM0.25psf,SRI MURNI,6,130,
387,1,2014,Eminent Ace,RM0.40psf,LAMAN CEYLON,21,230,
388,4,2011,Wing Tai Asia,RM0.55psf,VERTICAS RESIDENSI,43,423,
389,2,1996,Sin Nam Housing Development Co,RM0.15psf,DESA GEMBIRA,13,362,
390,3,1988,NA,0.2,PANGSAPURI BUKIT AWANSARI (OG COURT),22,392,
391,NA,NA,Sin Nam Housing Development Co,RM0.15psf,ZAMRUD,13,NA,
392,4,2002,YTL Land,RM0.20psf,SANG SURIA,27,NIL,
393,8,NA,NA,RM175/month,VILLA DANAU,5,NIL,
394,3,1993,UDA Holdings,RM0.35psf,OBD GARDEN TOWER,20,160,
395,2,2014,Bellworth Development,NIL,THE GREENS,27,185,
396,5,2009,Tijani (a subsidiary of Bolton),0.4,TIJANI 2,17,154,
397,3,2003,Danau Lumayan,0.15,MENTARI,16,391,
398,NIL,2002,TSI Group Malaysia,NIL,PLAZA 393,NIL,462,
399,1,2008,BT Homestead,RM0.26psf,ANGGUNPURI,22,246,
400,1,1995,Chalpeak,RM0.25psf,DUTA RIA,33,252,
401,1,2008,Urban Delta (a subsidiary of YWC Group),0.5,231 TR SERVICE SUITES,20,195,
402,1,2006,Asia Quest Holdings,RM0.20psf,KIARAMAS CENDANA,29,184,
403,1,1998,Asia Quest Holdings,RM0.24psf,LANAI KIARA,21,181,
404,2,NA,MWE Properties,RM0.20psf,UNION HEIGHTS,13,NIL,
405,NIL,NA,NA,NIL,TAMAN NAGA EMAS,NIL,NIL,
406,NA,NA,NA,NIL,TERATAI MEWAH BLOCK 4 & 6,NIL,NA,
407,1,2014,I&P Group ,RM0.28psf,8 PETALING,18,156,
408,NA,NA,NA,NA,DESA PANDAN FLAT BLOCK E,NA,NA,
409,2,1998,Magna Park Sdn Bhd,NIL,SURIA MAGNA,14,504,
410,NIL,NA,NA,NIL,TAMAN KEPONG INDAH,NIL,NIL,
411,2,NA,NA,NIL,IXORA APARTMENT,8,NIL,
412,1,2014,UMLand,0.33,SUASANA BUKIT CEYLON (RAJA CHULAN RESIDENCES),34,310,
413,NA,NA,NA,NIL,MUTIARA,8,NA,
414,NA,NA,NA,NIL,PINANG 1B / GALLERY 1E,8,NA,
415,NIL,2007,Renown Inspiration,RM0.22psf,DIAMOND REGENCY,20,196,
416,3,NA,NA,NIL,SRI TIOMAN II,14,420,
417,NA,NA,NA,NIL,KELUMPUK PINANG,14,NA,
418,3,NA,Faber Development Holdings (a subsidiary of Faber Group),RM0.21psf,DANAU IMPIAN,15,500,
419,2,1997,NA,120/month,VISTANA CONDO,28,NA,
420,4,2000,Aston Villa,RM0.35psf,VILLA SCOTT,29,NIL,
421,NA,NA,NA,NA,TAMAN KOBENA,NA,NA,
422,NIL,NA,NA,NIL,TAMAN SEJAHTERA,2,NIL,
423,2,2007,Prosper Land & Property (a subsidiary of Beneton Properties),RM0.35psf,2 HAMPSHIRE,25,93,
424,2,2009,YNH Berhad,0.33,FRASER PLACE (LOT 163),28,271,
425,2,1999,Tan & Tan,RM0.35psf,HAMPSHIRE PARK,NIL,194,
426,2,1991,NA,60/month,INDAH APARTMENT,5,112,
427,NA,NA,NA,NA,KELOMPOK BUNGA RAYA,NA,NA,
428,5,1987,I&P Bhd,80/month,MAHSURI APARTMENT,4,NIL,
429,1,NA,Mayland,RM0.38psf,MENARA HARTAMAS,10,136,
430,NA,NA,NA,NA,SRI LEMPAH,NA,NA,
431,4,2000,Faber Union Development (a subsidiary of Faber Group),RM250/month,TIARA FABER,10,320,
432,5,NA,NA,RM135/month,LAMAN MIDAH,11,NIL,
433,2,NA,NA,NA,SRI CENDEKIA,20,NA,
434,8,2002,Lien Hoe Corporation Berhad,0.2,VISTA TASIK KONDO,5,350,
435,1,2016,Perdana Parkcity Sdn. Bhd.,NIL,ONE CENTRAL PARK,45,359,
436,NA,NA,NA,NA,HAPPY COURT,NA,NA,
437,2,2001,Magna Prima Berhad,RM66/month,PELANGI MAGNA,14,336,
438,1,2008,DNP Tanahniaga (a subsidiary of DNP Holdings),RM0.45psf,THE MERITZ,31,110,
439,1,1998,Homestead Development (a subsidiary of BT Homestead Group),0.3,ANGKUPURI,39,210,
440,2,2015,UOA Group,0.22,LAMAN SCENARIA KIARA,36,937,
441,5,NA,NA,NIL,NOVA 1,6,NIL,
442,6,2011,Sunway City,RM0.30psf,SUNWAY VIVALDI,21,212,
443,4,1989,NA,105/month,SRI KINABALU,7,NIL,
444,2,1999,NA,RM0.25psf,MENARA POLO,14,NIL,
445,6,1999,Kiara Development,NIL,BAYU ANGKASA,14,232,
446,NA,NA,NA,NIL,CHERAS 4E,NA,NA,
447,NA,NA,NA,NIL,PUDU IMPIAN 1,NA,NA,
448,NA,NA,NA,NIL,DESA PANDAN FLAT BLOCK F,NA,NA,
449,NA,1995,NA,0.13,SERI GEMBIRA APARTMENT,6,96,
450,4,1994,E&O Property Development,NA,DESA CAHAYA,5,122,
451,2,2011,JV between Oilcorp & Amanah Raya (with Magic Coast as its main developer),0.4,DUA SENTRAL,33,378,
452,1,2009,A JV between Bluestone & Allco Funds Management,RM0.35psf,TARAGON PUTERI KL,27,540,
453,NA,NA,NA,NA,PLAZA SINAR,NA,NA,
454,NA,2014,Platinum Victory Group,220/month,PLATINUM LAKE PV21,25,NA,
455,1,2006,TTDI Harta (a subsidiary of Naza Group),0.28,THE PLAZA (TTDI),29,176,
456,NA,NA,NA,NA,JATI SELATAN,NA,NA,
457,1,1996,NA,NA,VILLA MUTIARA @ MUTIARA COMPLEX,9,NA,
458,1,1995,NA,0.3,SRI EMAS CONDOMINIUM,25,NA,
459,NA,NA,NA,NA,CENTRE COURT,NA,NA,
460,NA,NA,NA,NA,PAPILLON DESA HILL,NA,NA,
461,NA,NA,NA,NA,PELANGI,NA,NA,
462,1,2009,MKH Berhad,RM0.24psf,SAVILLE RESIDENCE,30,181,
463,2,2010,Melawati Development (a subsidiary of Negara Properties),0.36,3 RESIDEN @ MELAWATI,17,178,
464,NA,2011,Mayland,0.35,CARLTON @ PLAZA DAMAS 3,NA,185,
465,1,2011,Segarama (a subsidiary of Mutiara Johan Group),0.2,MUTIARA RESIDENCY,23,110,
466,NA,NA,NA,NA,TAMAN LTAT BUKIT JALIL,NA,NA,
467,NA,NA,NA,NA,DESA PANDAN FLAT BLOCK A,NA,NA,
468,2,NA,MBF Property,RM0.25psf,MENARA DUTA 2,16,NIL,
469,1,2009,A JV between Bluestone & Allco Funds Management,RM0.35psf,TARAGON PUTERI BINTANG,27,540,
470,3,2011,Mitrajaya Holdings Berhad,RM0.30psf,KIARA 9 RESIDENCY,41,208,
471,1,2004,Sunrise,RM0.36psf,LAMAN SURIA,19,202,
472,NA,NA,NA,NA,BAYVIEW COURT,5,NA,
473,NA,NA,NA,NA,SENTUL UTARA FLAT,NA,NA,
474,3,2010,NA,165/month,LA VILLAS,5,NA,
475,1,2008,Mayland,RM0.35psf,WALDORF TOWER,28,228,
476,NIL,NA,NA,RM0.35psf,THE NOMAD SUCASA,NIL,NIL,
477,4,2014,Berjaya Group,0.3,KM 1 BUKIT JALIL,NIL,528,
478,NA,NA,NA,NA,ALAM DAMAI,NA,NA,
479,NIL,NA,NA,NIL,TAMAN MULIA,NIL,NIL,
480,1,2007,Mutiara Johan Project Management (a subsidiary of Mutiara Johan Group),0.24,CASA MUTIARA SERVICE APARTMENT,20,NA,
481,NA,NA,NA,NIL,CENDANA,NIL,NA,
482,NA,NA,NA,NIL,SAN PENG,NIL,NA,
483,NA,NA,NA,NIL,SUCI APARTMENT,NIL,NA,
484,3,2010,YTL Corporation,RM0.28psf,ANDALUCIA,7,227,
485,3,2001,Kejuruteraan Bintai Kidenko (KBK) (now known as Bintai Kinden Corporation),RM0.20psf,ANJUNG VILLA,7,196,
486,NA,NA,NA,NA,TAMAN CASTLEFIELD APARTMENT,NA,NA,
487,NA,NA,NA,NA,MENJALARA 18,NA,NA,
488,NA,NA,NA,NA,ALAM PURI 51,NA,NA,
489,NA,NA,NA,NA,SRI BATU,NA,NA,
490,NA,NA,NA,NA,BANGUNAN CHOO CHENG KHAY,NA,NA,
491,2,1993,NA,RM0.24psf,MUTIARA VILLA,12,NIL,
492,2,1995,Berjaya Group,RM0.25psf,ROBSON CONDOMINIUM,17,264,
493,NA,NA,NA,NA,PERUMAHAN AWAM SERI LANGKAWI 1,NA,NA,
494,1,20122,Mayland,0.35,CHELSEA @ PLAZA DAMAS 3,4,230,
495,NIL,1994,Amcorp Properties Berhad,RM0.45psf,SERI DUTA I,5,113,
496,1,2012,Orando Holdings,0.2,VISTARIA RESIDENSI KONDOMINIUM,21,128,
497,NA,NA,NA,NA,FRASER BUSINESS,NA,NA,
498,NA,NA,NA,NA,SRI KELANTAN,NA,NA,
499,NA,NA,NA,NA,PUTERA APARTMENT,NA,NA,
500,14,NA,Tan & Tan Developments,RM0.35psf,DESA ANGKASA,5,126,
501,1,2009,UOA Group,RM0.17psf,PLAZA MENJALARA,13,327,
502,1,2004,NA,0.3,MENARA PUTERI,20,NIL,
503,NA,2013,NA,NIL,MANOR,NA,NA,
504,NA,NA,NA,NIL,MENARA PGRM 2 (SERI CEMPAKA),NA,NA,
505,NA,NA,NA,NIL,TAMAN SPPK SEGAMBUT,NA,NA,
506,NA,NA,NA,NIL,SEROJA,NA,NA,
507,6,1994,NA,RM0.30psf,CITY GARDENS,17,NIL,
508,1,1993,Tan & Tan Developments,RM0.25psf,MENARA BUKIT CEYLON,20,80,
509,NIL,NA,Phileo Promenade Sdn Bhd,RM0.20psf,MENARA PROMENADE,33,142,
510,2,2006,Beneton Properties,0.35,STONOR PARK CONDO,20,71,
511,3,NA,Berjaya Group,RM145/month,GEMILANG INDAH,12,192,
512,NIL,NA,NA,NIL,TULIN APARTMENT,13,NIL,
513,NA,NA,NA,NIL,PANTAI INDAH FASA 1,13,NA,
514,NA,NA,NA,NIL,BUKIT SEGAMBUT APARTMENT,13,NA,
515,1,2009,HR Group,RM0.16psf,MADU MAS,9,199,
516,10,NA,NA,NIL,SRI AYU,5,NIL,
517,NA,NA,NA,NIL,BRUNSFIELD EMBASSYVIEW,5,NA,
518,1,2006,Aston Villa,RM0.28psf,SCOTT SENTRAL,23,189,
519,3,2007,Li-Foong Housing Development,RM0.21psf,SRI IMPIAN,27,249,
520,NA,NA,NA,NA,PUDU IMPIAN 2 - VILA TROPIKA,NA,NA,
521,NA,NA,NA,NA,TAMAN CHERAS (YULEK HEIGHTS),NA,NA,
522,NIL,NA,NA,NIL,TAMAN MALURI,NIL,NIL,
523,1,2012,Mutiara Johan Project Management (a subsidiary of Mutiara Johan Group),RM0.38psf,CASA RESIDENCY,26,188,
524,2,2009,GuocoLand (Malaysia) Berhad,RM0.50psf,THE OVAL,41,140,
525,NIL,NA,NA,NIL,TAMAN KUCHAI JAYA,NIL,NIL,
526,NA,2003,Akisama Properties,0.17,CONTINENTAL HEIGHTS CONDO,NIL,NA,
527,3,NA,NA,NIL,MEDAN INTAN APARTMENT,5,NIL,
528,2,2007,UOA Development Bhd. ,NIL,PLAZA PRIMA SETAPAK,NIL,228,
529,NA,2007,NA,75/month,PANGSAPURI PERMAI,8,140,
530,2,2010,Intan Permata Properties,NIL,MASKIARA RESIDENCES,16,242,
531,2,NA,NA,RM0.19psf,SRI JELATEK,6,180,
532,12,NA,NA,NIL,SRI KENANGAN,5,NIL,
533,6,2003,Landmarks Land and Properties (formerly known as PGK),0.33,SRI LOJING,6,175,
534,2,2000,Grand Central Development,0.2,MENARA PELANGI,18,280,
535,2,1999,Anber Resources Sdn Bhd,0.12,INDAH MAS,10,344,
536,2,2014,Orando Holdings Sdn. Bhd.,RM0.20psf,SKY VISTA RESIDENSI,NIL,204,
537,3,2014,BRDB Developments Sdn Bhd,NIL,VERDANA,25,698,
538,1,2014,Symphony Life Berhad,0.35,6 CEYLON,33,215,
539,1,NA,NA,0.39,CROWN REGENCY,31,NIL,
540,4,1991,NA,725/month,SRI KENNY,5,108,
541,2,2015,Numestro Group,RM0.38psf,ARTE,22,254,
542,NA,NA,NA,NA,VILLA ANGKASA,NA,NA,
543,1,1991,NA,NIL,LE CHATEAU,6,NIL,
544,1,1991,Mitra Jaya Development,RM0.22psf,MENARA SEPUTIH,17,196,
545,1,2005,NA,RM0.12psf,IDAMAN PUTERI,24,240,
546,5,NA,NA,RM0.30psf,BANGSAR PERMAI,6,NIL,
547,4,1987,Bandar Raya Development Berhad (BRDB),RM0.30psf,BANGSAR PUTERI,16,200,
548,20,1997,Amcorp Properties Berhad,RM0.52psf,SERI DUTA II,5,96,
549,1,NA,NA,NA,DESA AMAN,NA,NA,
550,NA,NA,NA,NA,KASTURI,NA,NA,
551,2,NA,Lum Chang Group,RM0.42psf,DAMANSARA VILLA,8,NIL,
552,NA,NA,NA,NA,PUSAT NIAGA METRO PRIMA,NA,NA,
553,1,NA,Kia Peng Development (a subsidiary of Hong Leong Group),RM0.40psf,3 KIA PENG,28,139,
554,2,NA,Berjaya Group,250/month,KL PLAZA,20,60,
555,NA,NA,NA,NA,MALAYAN MANSION,NA,NA,
556,2,2009,Visionwell (a member of LION Group),RM0.37psf,ONE RESIDENCY,30,421,
557,NA,NA,NA,NA,PKNS KAMPUNG BARU,NA,NA,
558,5,2010,Brem Holding Berhad,0.16,ROSVILLA CONDOMINIUM,14,174,
559,NA,2011,NA,66/month,KELOMPOK CAMAR,NA,NA,
560,2,2016,landmark Zone Sdn Bhd (Subsidiary of Perduren (M) Bhd),0.29,SHAMELIN STAR RESIDENSI,37,630,
561,1,2009,Wijaya Spektra (subsidiary of YNH Property),NIL,633 RESIDENCY,30,180,
562,2,NA,NA,250/month,BINTANG MAS,15,240,
563,3,2006,NA,150/month,MIDAH RIA CONDOMINIUM,17,NA,
564,2,2013,Sycal Properties,RM0.33psf,VISTA HARMONI,10,300,
565,5,NA,NA,RM0.46psf,PRIMA DAMANSARA,5,100,
566,1,2007,RAH Properties Corporation,RM0.17psf,PLAZA RAH,23,300,
567,2,2008,Glomac Regal (a subsidiary of Glomac),0.2,SURIA STONOR SERVICE APARTMENT,23,138,
568,5,NA,RAH Properties Corporation,NA,DELIMA,5,NA,
569,2,1998,Faber Development,0.3,DESA PERMAI,10,NIL,
570,1,2016,Aikbee Timber,0.25,PEARL SURIA RESIDENCE,24,403,
571,NA,NA,NA,NIL,PINANG 1A,NA,NA,
572,NA,NA,NA,NIL,KELUMPUK BAMBU,NA,NA,
573,NA,NA,NA,NIL,KELUMPUK KEMUNTING,NA,NA,
574,1,2008,Wangsa Land Sdn Bhd,RM105/month,ALPHA VILLA,12,180,
575,1,1994,NA,0.3,A20M56PANG HILIR TARA,12,NA,
576,2,2013,Mah Sing Group,RM0.35psf,M SUITES,20,442,
577,3,2003,Kestana Sdn Bhd,0.15,KESTANA,8,96,
578,2,NA,NA,RM180/month,SHAMELIN BESTARI,10,NIL,
579,NA,NA,NA,NA,TAMAN LENSEN,NA,NA,
580,1,2007,Amity Binjai,RM0.40psf,BINJAI RESIDENCY,32,100,
581,1,1994,Bolton,RM0.38psf,D MAYANG,20,103,
582,NA,2013,NA,NA,SELANGOR MANSION,NA,NA,
583,NA,NA,NA,NA,SRI LEMPAH,NA,NA,
584,NA,2008,NA,NA,TAMAN MELATI UTAMA CONDO,NA,NA,
585,NIL,1992,NA,0.07,MENARA RAJAWALI,NIL,120,
586,4,1997,NA,0.34,SRI TTDI,5,192,
587,4,2011,Sp Setia,0.4,SETIA SKY RESIDENCE,40,811,
588,NA,NA,Landmark Land & Properties,380/month,LOGING HEIGHTS,8,103,
589,3,NA,NA,NIL,DESA PALMA,3,71,
590,3,2006,NA,150/month,MIDAH RIA APARTMENT,17,NA,
591,NIL,NA,NA,NIL,TAMAN PERTAMA,2,NIL,
592,NIL,NA,NA,NIL,KEPONG ENTREPRENEURS PARK,3,NIL,
593,NA,NA,NA,NIL,TEPIAN LOKE YEW,3,NA,
594,2,2015,Hap Seng Land Sdn Bhd,RM0.45psf,THE HORIZON RESIDENCES,26,335,
595,2,2016,MRCB Land,NIL,THE SENTRAL RESIDENCES,55,722,
596,3,2014,Yuk Tung Group,RM0.25psf,CENTRAL RESIDENCE,NIL,526,
597,NA,NA,Yuk Tung Group,RM0.25psf,BUKIT SRI BINTANG APARTMENT,NIL,NA,
598,1,2009,Shayher Development Sdn Bhd,RM0.15psf,DIAMOND RESIDENCE,17,126,
599,1,1995,NA,RM90/month,IDAMAN SURIA,15,300,
600,1,2006,UOA Holdings,0.4,1 DESA RESIDENCE,13,104,
601,2,1989,NA,RM0.15psf,SRI LEDANG,6,84,
602,1,2003,NA,209/month,TAR VILLA APARTMENT,14,112,
603,NA,2013,NA,80/month,VISTA WIRA,4,80,
604,1,1999,UDA Holdings,0.28,FAJARIA,12,288,
605,1,2001,NA,NIL,WISMA SHENCOURT,14,NA,
606,1,NA,KLH Equities Sdn Bhd,0.15,MENARA KLH,20,165,
607,NA,2013,NA,NIL,PANGSAPURI SRI BANDAR,6,NA,
608,NA,NA,NA,NIL,TAMAN BATU,20,NA,
609,NIL,1989,NA,RM0.10psf,PGB PLAZA CITY APARTMENT,7,119,
610,1,2016,CPI Development,RM0.25psf,AVANTAS RESIDENCES,28,198,
611,1,1989,Sunrise Berhad,RM0.22psf,FORTUNA COURT,12,140,
612,6,2017,Meridian Maxim Sdn Bhd,RM0.25psf,MAXIM CITILIGHTS,36,1338,
613,NA,NA,NA,NA,TAMAN ZETA @ ZETAPARK,NA,NA,
614,NA,NA,NA,NA,KELOMPOK EMBUN EMAS,NA,NA,
615,NA,NA,NA,NA,KELOMPOK KUANG,36,NA,
616,NIL,1985,Integral Property Sdn Bhd,RM0.35psf,BANGSAR HEIGHTS,4,197,
617,1,2005,NA,RM0.35psf,SRI KASTURINA,8,56,
618,2,2006,Shayher,RM221/month,SEGAR VIEW,6,NIL,
619,NA,2014,NA,NA,TAMAN SEGAR APARTMENT (CHERAS HEIGHTS),NA,NA,
620,2,NA,NA,RM0.18psf,SERI ANGGUN,9,NIL,
621,31,1994,Uncang Emas Sdn Bhd,RM60/month,MIHARJA CONDOMINIUM,10,NIL,
622,7,2008,SDB Properties,RM0.40psf,PARK SEVEN,20,105,
623,2,2008,Layar Intan (a subsidiary of KLCC Holdings),RM1.10psf,THE BINJAI ON THE PARK,45,171,
624,1,1973,Ng Choo Kiat Housing Development Berhad,0.03,WISMA HOCK ANN,15,140,
625,1,1996,Bedford Development Sdn Bhd,0.01,TRICOURT (TAMAN SRI SENTOSA),5,180,
626,1,1998,NA,0.14,NILAM APARTMENTS,11,132,
627,NA,NA,NA,NA,TAMAN MEGAH KEPONG,NA,NA,
628,1,2016,Platinum Victory group Sdn Bhd,NA,MH PLATINUM RESIDENSI,30,284,
629,NA,NA,NA,NA,TAMAN SETAPAK JAYA BARU,Na,NA,
630,1,2013,Tanah Perangsang (a subsidiary of Prinsiptek Corporation),0.4,VUE RESIDENCES,24,272,
631,1,NA,NA,NIL,GCB COURT,21,180,
632,3,2013,Tan & Tan Development Berhad,0.55,SERI AMPANG HILIR RESIDENCES,10,40,
633,3,1997,Amanah Pilecon Sdn Bhd (Amanah Capital),RM0.40psf,CASA VISTA,19,118,
634,1,1993,UOA Development Bhd. ,RM0.41psf,DESA BANGSAR RIA,10,43,
635,5,1984,Eng Lian Enterprise Sdn Bhd,0.3,SRI WANGSARIA,18,278,
636,3,2008,Indah Teratai Sdn Bhd,RM0.40psf,SRI BUKIT TUNKU,5,80,
637,5,1993,Fascistar (M) Sdn Bhd,RM0.47psf,VILLA BUKIT TUNKU,4,200,
638,1,2009,One KLCC (a subsidiary of CMY Capital Group),RM0.66psf,ONE KL,35,94,
639,1,2015,Platinum Victory Group Sdn. Bhd.,RM0.35psf,PLATINUM SUITES,51,733,
640,1,1999,NA,NA,ANGSA APARTMENT,11,110,
641,3,1995,NA,RM0.20psf,BUKIT ROBSON CONDOMINIUM,14,160,
642,5,1994,NA,RM0.20psf,ROBSON HEIGHTS,15,92,
643,2,1993,NA,RM0.35psf,SRI LANGIT,15,120,
644,NA,NA,PKNS,NA,KENARI APARTMENT,5,80,
645,NA,NA,NA,RM0.35psf,MEGAN SETAPAK,15,NA,
646,4,1989,NA,0.07,KELOMPOK CEMPERLING,16,220,
647,2,1985,NA,0.07,KELOMPOK DAHLIA / MELATI,12,120,
648,5,1994,I & P Setiawangsa Sdn. Bhd.,NA,PUTRI,15,120,
649,2,1989,Faber Union Sdn Bhd,RM0.20psf,FABER INDAH,5,80,
650,2,1993,TTDI Development Sdn Bhd,0.4,KIARA VIEW,13,120,
651,1,2006,Naza TTDI (formerly TTDI Development & UDA SEA Park Development),RM0.40psf,THE RESIDENCE,21,120,
652,14,1985,NA,RM0.12psf,PANGSA MURNI,5,150,
653,NIL,2013,CapitaLand Limited,RM0.58psf,SASTRA U-THANT,NIL,NIL,
654,5,NA,NA,NA,DESA TASEK FASA 1,20,340,
655,2,1992,Sunrise,0.28,CASCADIUM,12,120,
656,4,1992,Ramal Properties Sdn Bhd,0.2,PALM COURT APARTMENT,13,832,
657,NA,NA,Sunrise,NIL,BUKIT ANGGERIK,NIL,NA,
658,1,2007,Adat Makmur (subsidiary of Zizi Group),0.27,VILLA MAKMUR CONDOMINIUM,9,180,
659,1,1995,Dynawell Corporation Sdn Bhd (Subsidary of Gula Perak Berhad),NA,GOLDEN CITY,11,256,
660,3,2001,Magna Prima & DBKL,0.17,SINAR MAGNA,20,400,
661,NA,2015,Pavillion Group,0.75,BANYAN TREE SIGNATURE,60,535,
662,3,1962,Embassy Sdn Bhd,NA,BLUE BOY MANSION,NA,NA,
663,1,NA,General Lumber Bhd,RM170/month,MENARA PUTRA,12,80,
664,2,2009,Embassy Court (a subsidiary of Magna Prima JV with TM Bhd),RM0.61psf,THE AVARE,41,78,
665,2,NA,BT Homestead Group,RM0.30psf,ALMASPURI,15,132,
666,2,2008,Zeus-TNB Properties Sdn Bhd (joint venture by TNB and Zeus Development),0.2,PANGSAPURI DESA TENAGA,11,200,
667,NA,2005,Mandy Corporation Sdn Bhd (Gadang Holdings Berhad),0.1,MANDY COURT,15,288,
668,NA,1985,NA,0.07,APARTMENT DAHLIA,5,120,
669,NA,NA,NA,NA,KELOMPOK SERUNDING MALAM,NA,NA,
670,1,1987,NA,0.07,MENARA JENTAYU,16,120,
671,2,2017,SBC Corporation,0.25,DEX SUITES,33,672,
672,3,2015,BCB Berhad,RM0.35psf,CONCERTO NORTH KIARA,29,440,
673,NA,NA,NA,153/month,PRIMA RIA APARTMENT,10,81,
674,1,2002,Efcee Sdn Bhd,NA,VILLA PAWANA,10,88,
675,1,2012,BRDB Developments Sdn Bhd,RM0.35psf,6 CAPSQUARE,27,176,
676,1,1988,NA,0.33,BOUNGAINVILLA,18,64,
677,NA,1969,BRDB Developments Sdn Bhd,NA,FLAT DBKL JALAN HANG TUAH,16,308,
678,1,1995,Holian Enterprise Sdn Bhd,RM0.16psf,MENARA BELFIELD,16,84,
679,1,2011,Khor Joo Saik Sdn Bhd,NIL,MENARA BINJAI,35,38,
680,1,1994,People Credit Corporation,0.25,PUTRA COURT,13,69,
681,1,1999,Seri Raja Chulan Development Sdn Bhd,0.22,SERI RAJA CHULAN,29,90,
682,1,1994,Metzler (in conjuction with ECON Resources),RM0.36psf,SRI KIA PENG,12,64,
683,1,2015,Monoland,350/month,VORTEX SUITES & RESIDENCES,58,548,
684,2,NA,NA,0.03,TAMAN PANTAI DALAM FLAT,16,360,
685,2,NA,NA,0.11,SENTUL PARK,7,128,
686,1,1994,NA,RM0.30psf,SEPUTIH PERMAI,21,126,
687,1,1999,NA,0.11,KENANGA SARI,12,144,
688,1,1987,NA,0.07,MENARA CENDERAWASIH,16,120,
689,1,1986,NA,0.07,MENARA MERAK KAYANGAN,16,120,
690,NA,2008,Katana Development,0.45,KATANA,10,30,
691,2,1985,BRDB,0.33,MENARA BANGSAR,20,156,
692,NIL,2006,Tan & Tan Developments Berhad ,RM150/month,SRI BUKIT PERSEKUTUAN,5,142,
693,NA,NA,NA,NA,TONG FATT BUILDING,NA,NA,
694,1,2016,SCP Group,RM0.30psf,LIDO RESIDENCY,32,294,
695,NIL,2,Shamelin Holding Sddn Bhd,0.03,TAMAN SHAMELIN PERKASA,5,160,
696,2,1997,NA,0.15,TAMAN SRI CENDEKIA (TAMAN CONNAUGHT),20,380,
697,2,1992,NA,0.35,INDAH DAMANSARA,7,132,
698,9,1990,NA,0.1,BAIDURI BLOCK C,7,540,
699,2,1985,NA,0.15,RSGC VIEW,4,120,
700,NIL,1986,Suncrest Sdn Bhd,0.2,ANTAH TOWER,23,132,
701,NA,NA,NA,NA,APARTMENT ABDULLAH HUKUM,NA,NA,
702,1,2000,Amanah Capital Partners Bhd,0.4,KIRANA CONDO,22,66,
703,NIL,NA,NA,RM100/month,SEASONS TOWER,18,NIL,
704,1,1978,NA,0.15,SUN COMPLEX,20,121,
705,3,2007,Sim Nam Housing Development,RM145/month,GEMBIRA PARK,8,112,
706,3,2004,Kumpulan Hartanah,400/month,VILLA OUG CONDO,5,116,
707,NA,1993,NA,0.06,KELOMPOK TEMPUA,NA,180,
708,2,1994,Amcorp Properties Berhad,RM0.25psf,BUKIT DESA CONDOMINIUM,14,126,
709,7,2016,Suez Domain Sdn. Bhd.,RM0.35psf,KL GATEWAY,37,900,
710,NA,1978,NA,NA,PKNS 17 KAMPUNG KERINCHI,NA,176,
711,4,2010,Berjaya Land Bhd,RM0.31psf,SAVANNA 2,4,32,
712,1,2002,IJM Land,RM380/month,CLOUD VIEW TOWER,12,48,
713,NIL,1979,NA,NIL,TAMAN BUKIT RIA,NIL,NIL,
714,NIL,1994,NA,NIL,TAMAN ORKID DESA,NIL,NIL,
715,NA,2003,Boulevard Realty Sdn Bhd,0.5,2-TWELVE CONDOMINIUM,5,60,
716,2,2013,Kar Sin (a subsidiary of YNH),0.58,188 SUITES,26,446,
717,NA,NA,Li Foong Industrial Development Sdn Bhd (In Liquidation),NIL,RICHMOORE HOTEL SUIT/ACE ELECTRONIC MALL,12,240,
718,1,2008,Bluestone Capital,0.4,TARAGON YAP KWAN SENG,12,40,
719,1,2003,Shangri-La Hotels (Malaysia) (a subsidiary of Shangri-la Asia Limited),0.34,UBN APARTMENT,24,126,
720,NIL,2006,Tian Global,0.25,FLORA MURNI,3,71,
721,4,NA,NA,NIL,JALAN CHEMPEDAK,4,80,
722,NA,NA,NA,124/month,MAHASA VILLA APARTMENT,NA,NA,
723,1,1995,NA,RM0.27psf,KRISTAL COURT,5,50,
724,2,1998,NA,NA,MELATI IMPIAN,10,320,
725,NA,1989,NA,75/month,RESOURCES SPRING,7,112,
726,1,2011,Mayland,0.35,CLIVEDEN @ PLAZA DAMAS 3,10,180,
727,1,1998,NA,0.4,VILLA AMPANG,5,33,
728,3,2000,Debir Desa Development Sdn Bhd,0.18,MEDAN PUTRA BUSINESS CENTRE,13,312,
729,2,1993,NA,0.32,ARAVILLE,15,60,
730,1,2009,Beneton Properties,RM0.50psf,BANGSAR PEAK,18,39,
731,2,1992,NA,RM0.40psf,CONTESSA,7,54,
732,1,2009,Ken Property Sdn Bhd,RM0.40psf,KEN BANGSAR,15,80,
733,6,2000,DBKL,NA,PPR INTAN BAIDURI,18,1834,
734,1,2000,NA,0.1,CRESCENT COURT,20,118,
735,NA,2004,Kumpulan Hartanah,150/month,ASTAKA HEIGHTS APARTMENTS,13,190,
736,NA,1993,NA,0.27,MIDAH HEIGHTS,13,102,
737,NA,1979,NA,NIL,TAMAN BUKIT MEWAH (SERI BAHTERA),20,NA,
738,3,1991,Hong Leong Properties,RM0.58psf,1A STONOR,10,97,
739,1,1994,Antara Bumi Sdn Bdh,0.3,MENARA ANTARA,12,54,
740,7,1976,PKNS,NIL,PKNS JALAN TUN RAZAK,4,232,
741,5,1953,NA,NIL,RUMAH PANGSA JALAN LOKE YEW,19,452,
742,NA,1986,Berjaya Land Bhd,0.2,WISMA COSWAY (WISMA STEPHENS),27,64,
743,2,2007,Shayher Development Sdn Bhd,RM230/month,AMANDARI,4,88,
744,1,2000,Aseania Development Sdn Bhd (MRCB Construction Sdn Bhd),0.18,MUTIARA SENTUL CONDOMINIUM,12,162,
745,2,2003,NA,0.13,JASMIN APARTMENT,20,480,
746,5,1984,NA,NIL,PANGSAPURI B/RAYA SETAPAK,5,280,
747,1,1988,NA,0.07,KELOMPOK MAWAR,5,80,
748,1,1987,NA,0.09,MENARA SRI CENDANA,15,120,
749,1,1988,NA,0.09,MENARA SRI JATI,15,120,
750,1,2007,Mayland,RM0.35psf,WINDSOR TOWER,28,228,
751,1,2005,Mayland,RM0.35psf,SERI TITIWANGSA CONDOMINIUM,28,NA,
752,3,2007,Golden Quantum Acres (a JV between Landmarks Bhd and MCL Land),0.28,DESA VILLAS,NIL,456,
753,2,2013,NA,210/month,WAIZURI 1,5,30,
754,3,2009,Tan & Tan Developments Berhad ,RM0.40psf,U-THANT RESIDENCE,11,77,
755,1,1983,Bandaraya Development Berhad,0.3,BANGSAR INDAH,4,110,
756,1,2004,BRDB,0.45,PALMYRA BANGSAR,6,60,
757,2,2016,NA,NIL,SERAI BUKIT BANDARAYA,21,121,
758,5,NA,NA,NIL,DESA BAKTI,5,150,
759,3,2013,Symphony Life Berhad,0.45,ARATA TIJANI,10,100,
760,2,2014,Amber Resources,0.25,VILLA SERI PUTERI,22,263,
761,3,1980,Belair Condo Sdn Bhd,0.2,BELAIR APARTMENT,6,60,
762,4,NA,NA,NA,VILLA SETIA,4,16,
763,3,2010,IJM Land Berhad,0.45,AMPERSAND,12,71,
764,1,1979,NA,NIL,CITY TOWER,16,132,
765,2,1972,PKNS,NIL,PKNS JALAN SUNGAI BARU,17,272,
766,15,1962,NA,NIL,RAZAK MANSION,4,557,
767,1,NA,NA,NIL,SELAYANG FLAT,21,160,
768,41,1993,NA,0.03,SENTOSA COURT,5,1860,
769,1,2009,AM-EL Development Sdn Bhd,RM0.37psf,MERC RESIDENCE,10,36,
770,4,1989,NA,NA,LANGKAWI APERTMENT,10,118,
771,4,1989,NA,0.07,KELOMPOK SERINDIT,5,160,
772,1,1987,NA,0.09,MENARA SERI CENGAL,15,120,
773,NA,NA,NA,NA,PKNS ULU KELANG,NA,NA,
774,2,NA,NA,NIL,WAIZURI 2,5,NIL,
775,2,2010,Prinaissance Development (a subsidiary of Namfatt Properties),0.55,GALLERY @ U-THANT,10,50,
776,1,1983,Integral Property Sdn Bhd,0.35,BANGSAR AMAN,4,197,
777,NA,NA,NA,NA,KTMB BANGSAR UTAMA,NA,NA,
778,8,1996,Remaja Jaya Sdn Bhd,0.03,TAMAN WILAYAH SELAYANG,5,465,
779,1,1994,Gemilang Cergas Sdn Bhd,2,THE PINES,22,160,
780,2,2016,Ebic Group,0.25,ZETA DESKYE,24,284,
781,6,2003,Fadason Holding Sdn Bhd,0.03,TAMAN FADASON,22,1824,
782,4,1994,UDA Holdings,NA,IMPIAN KOTA,5,76,
783,7,NA,NA,NA,JALAN PADANG WALTER GRENIER,NA,508,
784,1,1982,Koperasi Cuepacs Berhad,NA,WISMA CUEPACS,4,100,
785,NA,NA,NA,NA,LAUREL APARTMENT,NA,NA,
786,1,2017,Kerjaya Prospek Group ,0.3,RESIDENSI V,29,412,
787,2,2001,Asia Quest Holdings,151/month,VILLA BANYAN CONDO,7,80,
788,3,NA,NA,NA,GASING INDAH FLAT,4,96,
789,NA,NA,NA,NA,LORONG SYED PUTRA KIRI,NA,NA,
790,2,1991,NA,0.25,THE TRELLISES,7,105,
791,3,2015,Oasis Garden Developmetn Sdn Bhd (Mah Sing Group Berhad),0.32,M CITY,36,1519,
792,4,1986,TAS industries Sdn Bhd,0.36,SHAHZAN COURT,6,78,
793,24,NA,ASM Development Sdn Bhd (Maju Holding),NA,DESA TASEK FASA 6B,16,1400,
794,1,2017,Hap Seng Land Sdn Bhd,RM0.40psf,NADI BANGSAR,38,416,
795,2,1994,Hap Seng Land Sdn Bhd,0.45,NUSA RHU,5,28,
796,NIL,1996,Bolton,RM0.55psf,PARKROSE,NIL,34,
797,2,1985,Azna Realty,RM0.18psf,BELVEDERE,5,47,
798,2,1986,NA,NIL,TAMAN TENAGA,5,140,
799,NA,1997,Permata Alasan Sdn Bhd,0.5,THE AMPWALK,NIL,NA,
800,1,2015,PJD Realty,RM0.55psf,D'MAJESTIC,20,235,
801,NA,NA,NA,NA,JALAN ABRAHAM,NA,NA,
802,5,1970,NA,NA,JALAN GAJUS,4,152,
803,NA,NA,NA,NA,JALAN KHOO TEIK EE,NA,NA,
804,5,1953,NA,NA,JALAN LOKE YEW,19,452,
805,NA,NA,NA,NA,LORONG HAJI TAIB,NA,NA,
806,1,1994,NA,RM0.40psf,MAYANG COURT,11,40,
807,3,2007,Asian Pac Holdings Berhad,RM0.60psf,SUTERA BUKIT TUNKU,4,24,
808,1,2016,IGB Corporation Berhad,RM0.45psf,THREE28 TUN RAZAK,22,166,
809,1,2014,HR Group,NIL,RICHMOND,24,96,
810,2,1999,NA,RM150/month,ONE MESRARIA,4,24,
811,2,2008,NA,NA,VILLA BAHAGIA,3,24,
812,NA,NA,NA,NA,KONDOMINIUM RAFFLESIA,NA,NA,
813,2,2015,Arus Embun Sdn Bhdd,NA,PANGSAPURI BAYU SENTUL,30,360,
814,NA,NA,NA,NA,GOMBAK COURT,NA,NA,
815,NA,NA,NA,NA,PANGSAPURI BANDARAYA SETAPAK,NA,NA,
816,1,1994,Pinggiran Kiara Sdn Bhd,RM0.32psf,PINGGIRAN KIARA,10,60,
817,1,1998,Dawntree Properties,NIL,DAMAI SURIA,3,30,
818,2,2000,Tan & Tan Developments Berhad ,NIL,FERNLEA COURT,3,16,
819,1,2007,At Ambassy,RM0.35psf,MADGE MANSIONS,NIL,51,
820,1,2008,NA,0.18,SEGAR COURT,13,78,
821,NIL,2017,Sunway Integrated Properties Sdn. Bhd.,0.35,SUNWAY VELOCITY,16,395,
822,1,1986,NA,NIL,TAMAN CANTIK,5,40,
823,1,NA,NA,NA,TAMAN RAJAWALI,5,120,
824,2,2008,Perdana ParkCity ( a subsidiary of Samling Group),0.2,DESA PARK CITY (ZENIA),3,199,
825,1,1992,NA,0.48,DOWNTOWN CONDOMINIUM,14,44,
826,NA,NA,NA,NA,JALAN BEDARA,NA,NA,
827,NA,NA,NA,NA,JALAN MERLIMAU,NA,NA,
828,1,1994,NA,RM0.30psf,JELITA COURT,11,28,
829,4,2014,Sime Darby Brunsfield Holding Sdn Bhd,RM0.55psf,KENNY HILLS RESIDENCE,5,63,
830,NA,NA,NA,NA,PLAZA GM,NA,NA,
831,NA,NA,NA,NA,SRI DESA ENTREPRENEUR PARK,NA,NA,
832,1,2000,Nam Fuat (Malaya) Company Sdn Bhd,NA,VILLA MEWAH,6,48,
833,8,1989,NA,0.07,BANDAR BARU SENTUL,NA,1320,
834,2,1978,NA,NA,HOCK LOCK MANSION,4,80,
835,NA,NA,NA,NA,JALAN SENTUL,NA,NA,
836,1,1978,NA,NA,KONG LOCK MANSION,4,40,
837,NA,NA,NA,NA,TAI CHEONG MANSION,NA,NA,
838,1,1993,NA,0.1,BLOCK 42 TAMAN TERATAI MEWAH,5,60,
839,NA,NA,NA,NA,PPR SUNGAI BONUS,NA,NA,
840,NIL,NA,NA,NIL,TAMAN P RAMLEE,NA,NIL,
841,2,2010,Abadi Man Nien Sdn Bhd,0.25,ABADI RIA KONDOMINIUM,10,49,
842,NA,NA,NA,NIL,PPR HILIRAN AMPANG,NA,NA,
843,2,1992,Lum Chang Group,0.27,WICKHAM MANOR,7,39,
844,1,2016,F3 Capital ,RM0.25psf,DUA MENJALARA,18,96,
845,3,2006,Bandaraya Development Berhad,0.4,INARA,5,22,
846,1,1982,Metroplex Berhad,0.2,PANTAI TOWER,15,56,
847,1,1992,Gallant Heights Development Sdn Bhd (Bankrupt),0.2,SRI BANGSAR,13,46,
848,2,1994,NA,0.4,SRI BAYU,5,16,
849,1,1993,Lindisfarne Incorporated Sdn Bhd,NIL,TUSCANY,4,21,
850,4,1992,Ramal Properties Sdn Bhd,0.2,PALM COURT,18,832,
851,1,2011,Segarama Sdn Bhd (JV between Mutiara Johan Group and Gan Theng Sdn Bhd),0.3,RESIDENSI MUTIARA KONDOMINIUM,23,110,
852,NIL,NA,RUNNYMEDE Group of Companies,NIL,THE SANCTUARY,3,67,
853,NA,NA,NA,NIL,BADAK,NA,NA,
854,2,2003,NA,0.13,JASMINE COURT,20,480,
855,6,NA,NA,NA,PERUMAHAN AWAM SERI KOTA,18,1296,
856,16,NA,DBKL,NA,PERUMAHAN AWAM SERI PULAU PINANG,4,1280,
857,2,2000,NA,RM70.00/month,DESA BISTARI,22,403,
858,2,2005,Arrow Vista Sdn Bhd (SAK Holding Sdn Bhd),0.45,LAGENDA DAMANSARA CONDOMINIUM,6,17,
859,16,4,NA,RM70.00/month,PKNS FLAT JALAN KUCHING (TAMAN SRI DELIMA),4,896,
860,2,2002,NA,0.18,PERUMAHAN GURNEY,22,444,
861,1,NA,NA,NA,BANGUNAN TAI SENG,4,56,
862,1,2010,MetroWorld Resources,RM1400/month,DAMAI 206 @ EMBASSY ROW,10,18,
863,5,1984,Tan & Tan Developments Berhad ,0.4,DESA KUDALARI,20,186,
864,NA,NA,NA,NIL,JALAN BRUNEI UTARA,19,NA,
865,3,1950,NA,NIL,JALAN HORLEY,5,NA,
866,1,1999,NA,0.11,JALAN KENANGA,12,144,
867,NA,NA,NA,NIL,NANYANG GARDEN,NA,NA,
868,NA,NA,NA,NIL,TAMAN MIHARJA FASA 2,NA,NA,
869,1,1962,NA,NIL,TIONG NAM FLAT,4,104,
870,1,NA,NA,NA,FERN LODGE,5,17,
871,NA,NA,NA,NA,KELANG LAMA BUSINESS PARK,NA,NA,
872,NIL,NA,NA,NIL,TAMAN TAN YEW LAI,2,NIL,
873,NA,NA,NA,NIL,KERINCHI RESIDENSI,NA,NA,
874,1,NA,NA,NA,DEWANA MANSION,6,41,
875,NA,NA,NA,NA,TAMAN INDAH MURNI,NA,NA,
876,NA,NA,NA,NA,JALAN IPOH,NA,NA,
877,NA,NA,NA,NA,JALAN NANGKA,NA,NA,
878,8,1999,NA,NA,PPR KAMPUNG BARU AIR PANAS,17,2528,
879,5,1984,NA,NA,SETAPAK JAYA,5,280,
880,4,1986,NA,29/month,SRI LANGKAWI,NA,400,
881,1,2003,NA,NA,TERATAI MEWAH 101,5,40,
882,NIL,2006,I&P Group ,NIL,TAMAN SETIAWANGSA,NIL,NIL,
883,2,2014,Kiara Seleksi Sdn Bhd,0.5,THE SIGNATURE DESA SRI HARTAMAS,11,336,
884,3,2016,ZYNS Development Sdn Bhd,RM0.25psf,ANYAMAN RESIDENCE,17,372,
885,1,NA,NA,NIL,16 TAMAN U-THANT,4,12,
886,NA,NA,NA,NIL,78 L.A.D,4,NA,
887,1,NA,NA,NIL,CATALINA VILLA,6,15,
888,4,2009,Dawntree Properties,RM0.50psf,IRINGAN HIJAU,3,26,
889,3,NA,NA,RM0.53psf,MADGE RESIDENCES,4.5,21,
890,NA,NA,NA,RM0.53psf,SENTRIO PANDAN,4.5,NA,
891,3,2000,Gimo Holding Sdn Bhd,0.37,VILLA AMAN,3,20,
892,NA,NA,NA,NA,JALAN BANGSAR,NA,NA,
893,NIL,NA,SBC Corporation,NIL,TAMAN MASTIARA,NIL,NIL,
894,NA,NA,NA,NA,BANGUNAN SRI LAYANG,NA,NA,
895,1,NA,NA,NA,TONG NAM BUILDING,5,168,
896,4,16,NA,0.17,GREENFIELD APARTMENT,16,512,
897,3,2013,Symphony Life Berhad,0.45,ARATA TIJANI CONDO,10,100,
898,1,1995,SBC Corporation,RM0.70psf,INTAN KENNY,3,12,
899,1,1994,Appreview (M) Sdb Bhd,0.47,SRI TUNKU,6,16,
900,2,NA,SYARIKAT PERUMAHAN PEGAWAI KERAJAAN SDN BHD,NIL,DESA BANGSAWAN,4,64,
901,2,2017,Meridian Maxim Sdn Bhd,NIL,MAXIM RESIDENCES,34,582,
902,4,1990,MBF Berhad,0.1,TAMAN MIHARJA,11,997,
903,1,1978,Selangor Properties,NIL,SPB TOWER,17,45,
904,NA,NA,NA,NIL,KB JINJANG UTARA,NIL,NA,
905,2,1991,Burgess Rawson (previously YBR Management),RM553/month,ENAU COURT,3,40,
906,NA,NA,NA,NA,JALAN ALOR,NA,NA,
907,NA,NA,NA,NA,JALAN BAIDURI,3,NA,
908,NA,NA,NA,NA,JALAN BERANGAN,NA,NA,
909,NA,NA,NA,NA,JALAN PASAR BAHARU,NA,NA,
910,1,1972,Nam Fong Housing Sdn Bhd,NA,JALAN SAN PENG,NA,NA,
911,5,1999,NA,NA,JALAN TUN RAZAK / JALAN SEMARAK,17,1580,
912,NA,NA,NA,NA,JALAN VIVEKANANDA,NA,NA,
913,NA,NA,NA,NA,KAWASAN JALAN BERANGAN (JALAN HICKS)/JALAN ALOR,NA,NA,
914,NA,NA,NA,NA,KOMPLEK NAGARIA (PLAZA BERJAYA),NA,NA,
915,1,NA,PKNS,NA,MENARA KENANGA,16,120,
916,NA,NA,NA,NA,SRI BANDAR BESI,NA,NA,
917,NA,NA,NA,NA,THAMBY ABDULLAH,NA,NA,
918,NA,NA,NA,NA,TONG YIK MANSION,NA,NA,
919,NA,NA,NA,NA,WISMA KONG LEE,NA,NA,
920,NA,NA,NA,NA,WISMA SRI MUDA,NA,NA,
921,NA,NA,NA,NA,THE ST. REGIS KUALA LUMPUR,NA,NA,
922,15,NA,NA,NIL,HAPPY GARDEN,5,693,
923,NA,NA,NA,NIL,HAPPY GARDEN TOWNHOUSE,NIL,NA,
924,2,1999,NA,NIL,PPR KAMPUNG LIMAU,17,632,
925,4,2007,NA,NA,PPR PANTAI RIA,17,1264,
926,1,1992,NA,0.2,CASA ELITA,2,10,
927,NA,NA,NA,NA,WISMA WESTCOURT,NA,NA,
928,1,2015,Hedgeford Sdn Bhd,RM0.28psf,HEDGEFORD 10 RESIDENCES,13,190,
929,NA,NA,NA,NA,JALAN LANGGAK BUKIT,NA,NA,
930,1,1990,NA,0.08,KELOMPOK KEDIDI,13,36,
931,NA,NA,NA,NA,PLAZA DAMAS,13,NA,
932,2,2011,Rodem Sdn Bhd (a JV between Landlovers Group & Hanil Engineering),RM0.60psf,9 MADGE,5,23,
933,NA,NA,NA,NA,KAWASAN JALAN AMPANG/AMPANG HILIR,NA,NA,
934,NA,NA,NA,NA,PERUMAHAN AWAM JELATEK,NA,NA,
935,1,2007,NA,0.4,THE MADGE,5,14,
936,1,1990,BRDB,0.2,BANGSAR VILLA,4,16,
937,1,1996,Nasbina Sdn Bhd,NIL,IMPIAN EMAS CONDOMINIUM,5,16,
938,NA,NA,BRDB,NIL,LUCKY GARDEN (JALAN BANGSAR),4,NA,
939,1,2008,Mammoth Empire Development,0.5,THE LOFT BANGSAR,NA,15,
940,NA,NA,NA,NIL,LORONG PADANG BELIA,NA,NA,
941,NA,NA,NA,NIL,PEARL COURT,9,32,
942,NA,NA,NA,NIL,RED MANSION,4,NA,
943,1,NA,NA,NIL,TAI KWONG MANSION,5,24,
944,NA,NA,BRDB,NIL,TONG LEE MANSION,4,NA,
945,1,NA,NA,NIL,TONG SOON MANSION,4,24,
946,1,NA,NA,NIL,BUKIT SUPREME,7,32,
947,4,1998,DBKL,NIL,PPR DESA TUN RAZAK,21,1824,
948,5,NA,NA,NIL,RUMAHPANGSA CHERAS,4,366,
949,4,2015,Danau Lumayan,NIL,SUASANA LUMAYAN CONDO(CASA IMPIAN),4,900,
950,NA,NA,NA,NA,TAMAN GEMILANG,NA,NA,
951,NA,NA,NA,NA,TAMAN GEMILANG FLAT,NA,NA,
952,NA,NA,NA,NA,TAMAN MIDAH,NA,NA,
953,1,2016,Orando Holdings Sdn. Bhd.,RM0.20psf,VILA VISTA,39,137,
954,NA,NA,NA,NA,WISMA ELIATHAMBY,NA,NA,
955,1,2006,Perdana ParkCity (a subsidiary of Samling Group),0.22,DESA PARK CITY (ADORA),NA,92,
956,3,2015,Mah Sing Group,0.35,ICON RESIDENCE,28,290,
957,6,1994,I & P Setiawangsa Sdn. Bhd.,NA,PANGSAPURI INTAN,5,320,
958,4,2010,Amatir Resources,RM0.25psf,SENI MONT KIARA,40,605,
959,1,NA,Shamelin Holding Sdn Bhd,0.03,SHAMELIN BESTARI,10,243,
960,NIL,2002,NA,NIL,TAMAN AMAN PUTRA,2,NIL,
961,NA,NA,NA,NIL,TAMAN USAHAWAN KEPONG,2,NA,
962,NA,NA,NA,NIL,6 KIA PENG,2,NA,
963,NA,NA,NA,NIL,CHOO CHENG KHAY FLAT,2,NA,
964,1,NA,NA,NIL,CITY PARK APARTMENT,4,NIL,
965,NA,NA,NA,NIL,FLAT PKNS JALAN RJ MUDA MUSA,4,NA,
966,NA,NA,NA,NIL,JALAN BARAT,4,NA,
967,NA,NA,NA,NIL,JALAN GALLOWAY,4,NA,
968,NA,NA,NA,NIL,JALAN GELANG,4,NA,
969,NA,NA,NA,NIL,JALAN SARAWAK,4,NA,
970,NA,NA,NA,NIL,JALAN SULTAN SULAIMAN SATU,4,NA,
971,NA,NA,NA,NIL,JALAN TONG SHIN,4,NA,
972,NA,NA,NA,NIL,JUBILEE COURT,4,NA,
973,3,2014,Sim Lian Group Limited,RM0.40psf,KL TRILLION,34,NIL,
974,NA,NA,NA,NA,MEDAN IMBI,NA,NA,
975,2,NA,NA,NA,MUN NANG MANSION,4,64,
976,NA,NA,NA,NA,PAK CHAN MANSION,NA,NA,
977,NA,NA,NA,NA,PALAS CONDOMINIUM,NA,NA,
978,1,1999,E&O Property Development,0.5,SRI SE-EKAR CONDO,3,12,
979,14,NA,NA,0.03,TAMAN SUNGAI BESI (LOW COST FLAT),5,1100,
980,1,2017,Ireka Corp & Aseana Properties,0.65,THE RUMA HOTEL & RESIDENCES,37,200,
981,1,2017,Ireka Group,0.65,THE TROIKA,40,453,
982,3,2017,Binastra Group,0.25,TINGGIAN TITIWANGSA @ THE REACH,41,528,
983,NIL,1999,Satu Setia Sdn Bhd,0.35,VILLA INAI,7,22,
984,NA,2017,Sp Steia Bhd Group,NIL,VOGUE SUITES ONE,60,708,
985,NA,NA,NA,NIL,WISMA BEE CHAI,NA,NA,
986,NA,NA,NA,NIL,WOODLANDS APART,NA,NA,
987,2,2016,UEM Sunrise,0.4,ARCORIS MONT KIARA,35,697,
988,NA,NA,NA,NIL,PANTAI DALAM KAMPUNG KERINCHI,NA,NA,
989,2,2016,Exsim Group of Companies,0.35,RESIDENSI RIMBUNAN @ PETALZ RESIDENSI,37,565,
990,3,2015,Exsim Group of Companies,0.25,THE LEAFZ @ DEDAUN SUNGAI BESI,22,643,
991,1,2011,HR Group,0.3,KIARA 3,22,160,
992,3,NA,NA,NIL,APARTMEN SENTUL,17,576,
993,NA,NA,NA,NIL,JALAN PERHENTIAN,7,NA,
994,NA,NA,NA,NIL,JALAN UNION SENTUL,7,NA,
995,NA,NA,NA,NIL,KAWASAN SENTUL,7,NA,
996,NA,NA,NA,NIL,PANGSAPURI SRI SENTUL,7,NA,
997,NA,NA,NA,NIL,PERUMAHAN SENTUL UTARA,7,NA,
998,NA,NA,NA,NIL,SENTUL UNION,7,NA,
999,NA,NA,NA,NIL,SENTUL VILLAGE,7,NA,
1000,NIL,NA,NA,RM76/month,DESA TUN RAZAK,22,NIL,
1001,NA,NA,NA,RM76/month,GOMBAK FLAT,22,NA,
1002,NA,NA,NA,RM76/month,KERAMAT JAYA,22,NA,
1003,2,2000,Grand Central Development,NIL,MENARA PELANGI,18,280,
1004,NA,NA,Grand Central Development,NIL,TAMAN DANAU KOTA,18,NA,
1005,1,2016,Pancaran Nilai Sdn. Bhd.,NIL,THE PARC TOWER,34,322,
1006,NA,NA,Pancaran Nilai Sdn. Bhd.,NIL,PUTERI APARTMENT,34,NA,
1007,NA,NA,Pancaran Nilai Sdn. Bhd.,NIL,WALDORF SERVICE APARTMENT,34,NA,
1008,NA,NA,NA,NA,FABER PLAZA,NA,NA,
1009,NIL,NA,NA,RM0.22psf,KIARA GREEN,3,NIL,
1010,1,2016,NAZA TTDI SDN BHD,RM0.35psf,TTDI ASCENCIA,36,154,
1011,3,1994,North South Development Sdn Bhd (YTL),0.25,THE VISTANA CONDO,36,284,
1012,NA,NA,NA,NA,BB WANGSA MAJU TOWNHOUSE,NA,NA,
